J_Penduduk;J_P_DBD;J_M_DBD;IR_DBD;CFR_DBD;J_P_DD;J_M_DD;IR_DD;CFR_DD;J_P_N;J_M_Non;IR_Non;CFR_Non;2017;2018;2019;2020;ABJ;Strata_E;Tnh_pek_bang_hlmn;Tanah Sawah;Tanah Kering;J_RT;J_RW;J_Pdd_Lk;J_Pdd_Pr;J_Kep_Kel;J_KBPaud;J_SD;J_MI;J_SMP;J_MTS;J_SMA;J_MA;J_SMK;J_Siswa;J_PT;J_Dosen;J_Mhs;Mini_Market;Toko Kelontong;Resto_RM;WM_Kedai;BPR;KUD;IRT;Total_T_Ibadah;kop_total;pasar_total;instansi_kesehatan;toko_obat
5894;3;0;50.7;0;13;0;219.7;0;1;0;16.9;0;0;0;1;3;95.19;2;19.94;0;61.33;34;5;2976;3054;1863;2;0;1;0;0;1;0;0;1067;0;0;0;2;99;0;36;0;0;0;20;0;0;0;1
20538;8;0;38.8;0;54;0;261.8;0;0;0;0;0;3;0;0;8;92.82;2;238.83;0;342.68;103;12;10650;10721;6801;14;5;2;1;0;0;0;0;1251;0;0;0;1;103;5;34;0;0;0;51;1;1;3;0
16701;0;0;0;0;16;0;94.4;0;0;0;0;0;6;3;3;0;97.55;2;100;79;105.51;94;11;8732;8522;5020;8;1;0;1;0;0;1;1;810;0;0;0;2;99;1;53;0;2;0;57;0;1;0;1
13544;3;0;21.8;0;15;0;108.9;0;0;0;0;0;3;2;0;3;97.92;2;61.3;0;62.3;78;9;7015;6939;4144;13;2;3;2;1;1;0;0;1137;0;0;0;1;15;0;20;0;0;0;60;0;0;1;1
2464;0;0;0;0;1;0;40.9;0;0;0;0;0;0;0;1;0;97.76;2;22.78;0;25.1;24;4;1188;1291;879;4;3;0;2;0;0;0;0;1743;0;0;0;2;18;6;10;2;0;0;11;0;0;1;10
10141;5;0;48.7;0;5;0;48.7;0;0;0;0;0;3;0;1;5;96.28;2;87.07;123.51;88.57;54;8;5113;5196;3070;2;1;1;0;1;0;0;1;1076;0;0;0;3;79;4;30;0;0;0;34;1;1;2;3
11584;4;0;34.4;0;33;0;283.5;0;1;0;8.59;0;3;1;6;4;92.01;1;193.5;2.3;361.95;53;10;5829;5963;3732;13;4;0;0;0;1;0;0;747;0;0;0;5;34;2;52;0;0;0;46;2;1;1;5
6469;1;0;16;0;5;0;80.1;0;0;0;0;0;0;0;0;1;96.92;2;25.52;0;39.52;47;7;2975;3176;2072;3;2;0;1;0;0;1;0;1209;2;25;764;2;54;3;89;0;0;0;26;0;1;4;5
4048;3;0;73.1;0;14;0;341.2;0;0;0;0;0;1;0;4;3;92.13;2;14.1;0;16.1;7;28;2013;2084;1283;5;0;0;0;0;0;0;0;234;5;443;15382;2;57;11;49;0;0;0;32;0;1;0;1
5990;0;0;0;0;25;0;415.7;0;3;0;49.88;0;1;0;0;0;93.12;3;52.9;0;59.34;5;30;2870;3072;1984;4;2;0;0;0;0;0;1;542;4;245;9165;5;99;7;32;2;0;0;22;3;0;2;2
4209;0;0;0;0;2;0;47.5;0;0;0;0;0;1;0;0;0;93.68;3;35.24;0;38.04;5;29;2005;2146;1399;2;1;0;0;0;0;0;0;407;0;0;0;3;16;2;4;1;0;0;23;0;0;0;0
16651;3;0;17.8;0;29;0;172;0;1;0;5.93;0;2;2;3;3;98.44;1;72.92;0;93.05;146;22;8476;8603;5002;17;2;0;0;1;0;0;0;400;0;0;0;4;170;0;34;0;0;0;51;0;0;2;4
8887;1;0;11.3;0;21;0;237.2;0;2;0;22.59;0;2;0;2;1;89.91;2;43.8;0;50;58;9;4202;4432;2841;7;3;1;1;0;0;0;0;1453;1;39;227;3;116;0;130;0;0;0;20;5;1;5;2
13270;5;0;37.7;0;16;0;120.8;0;0;0;0;0;9;0;2;5;94.29;2;55.8;0;79.7;63;8;6448;6652;4229;6;0;1;0;0;0;0;0;362;0;44;394;2;194;0;114;0;0;0;40;3;0;0;2
3987;0;0;0;0;5;0;125.5;0;2;0;50.2;0;0;1;0;0;91.69;2;25.62;0;30.39;35;5;1939;2199;1492;7;1;0;1;0;1;0;0;1955;1;32;3770;3;70;7;40;0;0;0;5;0;1;0;4
2651;1;1;36.8;36.8;4;0;147.3;0;1;0;36.83;0;0;0;0;1;94.94;2;97.42;61.02;241.28;18;5;1434;1384;908;5;1;0;1;0;0;0;0;864;0;0;0;1;21;4;13;0;0;0;18;0;0;0;2
8360;0;0;0;0;3;0;36.3;0;0;0;0;0;2;1;2;0;95.4;2;53.8;0;67.8;68;7;3866;4239;2855;7;5;0;2;0;0;0;1;1538;0;0;0;4;0;3;47;0;0;0;14;1;4;2;14
15037;0;0;0;0;4;0;26.6;0;1;0;6.66;0;2;0;1;0;98.6;2;50;0;60;79;11;7696;8036;5094;11;3;1;1;0;0;0;1;1036;0;0;0;2;81;6;44;0;0;0;44;0;1;2;1
5852;0;0;0;0;19;0;319.5;0;2;0;33.64;0;4;0;1;0;96.91;2;120.28;49;254.95;42;7;2999;2988;1851;8;3;0;1;2;0;2;1;1162;0;0;0;5;50;2;128;0;0;0;16;0;0;1;2
4707;0;0;0;0;3;0;64.7;0;1;0;21.57;0;0;0;0;0;95.36;4;23.03;0;26.08;31;4;2226;2326;1554;4;1;1;0;0;0;0;0;344;0;0;0;2;5;0;5;1;0;0;17;0;0;0;5
2858;0;0;0;0;3;0;105.7;0;0;0;0;0;0;0;0;0;90.16;3;20.4;0;27.5;25;3;1338;1498;960;2;2;0;0;0;0;0;0;73;1;34;1360;3;26;1;41;1;0;0;8;1;0;1;2
11879;2;0;16.9;0;15;0;126.7;0;2;0;16.9;0;0;1;3;2;95.97;1;50.28;0;59.42;68;11;5660;5935;3910;9;3;0;1;0;0;0;1;974;1;17;518;6;98;5;44;1;0;0;55;3;1;2;2
4466;0;0;0;0;7;0;153.3;0;0;0;0;0;0;0;0;0;98.38;4;9.34;110.82;31.74;40;8;2284;2352;1447;8;2;0;1;0;0;0;0;347;0;0;0;5;6;0;29;0;0;0;12;0;0;1;4
3180;0;0;0;0;1;0;31.2;0;0;0;0;0;0;0;0;0;89.51;3;42.46;138.69;181.25;17;3;1639;1589;1066;4;1;1;2;0;0;0;1;1225;0;0;0;2;10;0;7;0;0;0;22;0;0;0;0
8817;2;0;22.7;0;4;0;45.3;0;1;0;11.33;0;1;0;2;2;91.46;2;36.38;0;46.89;70;10;4466;4662;3014;5;3;0;1;0;0;0;0;1294;1;67;1104;4;0;0;25;0;0;0;38;0;1;0;3
7595;0;0;0;0;5;0;66;0;0;0;0;0;1;0;0;0;94.74;3;15.14;0;20.52;45;6;3859;4128;2870;2;4;0;1;0;1;0;1;757;0;0;0;0;5;4;18;1;0;0;13;0;0;0;3
15910;4;0;25.1;0;40;0;251.2;0;0;0;0;0;2;5;8;4;94.57;1;222.6;0;255.64;10;89;7930;7907;5092;13;6;0;0;0;1;0;0;1389;2;53;1405;6;70;14;152;0;0;0;46;1;2;1;5
12513;1;0;8;0;24;0;191.2;0;1;0;7.97;0;2;0;3;1;93.93;2;85.5;0;92.94;67;9;6161;6224;3863;9;2;0;4;0;1;0;4;4458;1;16;340;2;23;3;5;6;0;0;44;3;1;4;7
5728;0;0;0;0;6;0;105.9;0;0;0;0;0;0;0;1;0;97.87;2;87.72;45.58;98.61;57;11;2676;2810;1879;13;4;1;1;0;1;0;0;2911;0;0;0;6;157;7;44;0;0;0;18;2;1;2;3
9182;1;0;10.7;0;28;0;298.8;0;1;0;10.67;0;2;2;4;1;94.9;1;155.9;27.5;242.7;63;10;4788;4810;2828;7;5;0;0;1;0;1;0;453;0;0;0;1;45;1;12;0;0;0;54;1;1;0;2
15977;4;0;25;0;27;0;168.6;0;0;0;0;0;4;2;7;4;91.51;1;95.32;100.8;100.8;12;1;7928;7933;4892;16;2;0;2;0;2;0;0;2832;0;0;0;4;141;6;84;1;0;0;72;1;0;5;6
16571;1;0;6;0;11;0;65.9;0;1;0;5.99;0;4;0;0;1;96.43;2;102.7;0;244.5;78;11;8350;8334;4999;12;3;3;0;0;0;0;1;2261;0;0;0;5;99;4;32;1;0;0;52;1;1;4;2
19782;3;0;15.2;0;16;0;80.8;0;0;0;0;0;6;0;0;3;94.33;2;104.1;0;114.25;105;13;9803;9769;6067;13;6;1;4;0;2;0;2;5854;1;49;1944;7;63;1;78;0;0;0;51;2;1;1;3
7234;0;0;0;0;10;0;136.2;0;1;0;13.62;0;3;1;1;0;98.86;2;34.8;17;78.66;65;12;3712;3733;2201;5;1;0;0;0;0;0;0;46;0;0;0;0;170;0;34;0;0;0;20;0;0;0;1
7309;0;0;0;0;15;0;204.1;0;0;0;0;0;0;0;0;0;91.17;3;41.06;170.3;234.96;44;10;3654;3723;2403;18;3;2;1;1;0;0;1;827;0;0;0;4;94;2;-2.22045E-16;1;1;0;60;0;1;3;4
3794;0;0;0;0;8;0;205.6;0;0;0;0;0;0;0;1;0;90.4;2;45.47;52.25;174.23;29;6;2039;1931;1254;3;1;1;0;0;0;0;0;162;0;0;0;2;12;2;12;0;0;0;35;0;0;0;0
5719;0;0;0;0;9;0;158.2;0;2;0;35.16;0;0;1;1;0;93.47;2;22.81;0;27.03;40;8;2794;3017;2061;4;2;0;1;0;1;0;1;1113;0;0;0;2;34;6;12;1;0;0;31;1;0;1;2
7521;0;0;0;0;7;0;92;0;0;0;0;0;2;3;5;0;93.4;2;145;0;207.5;51;5;3802;3889;2357;4;3;0;2;0;1;0;0;926;0;0;0;0;24;0;19;0;0;0;27;0;0;0;0
3312;1;0;29.7;0;5;0;148.6;0;0;0;0;0;2;0;1;1;94.21;2;73.67;78.17;152.79;17;4;1684;1699;1093;1;3;1;0;0;0;0;0;425;1;20;273;1;11;2;7;0;0;0;24;1;0;0;1
11938;4;0;33.6;0;18;0;151.3;0;3;0;25.22;0;1;0;1;4;80.58;2;166.9;0;172.15;58;10;5876;5779;4003;11;5;0;4;0;2;0;3;2763;0;0;0;3;32;1;44;0;0;0;41;1;0;2;0
2122;0;0;0;0;15;0;696.1;0;0;0;0;0;0;0;0;0;92;3;24.42;70.5;163.48;14;4;1060;1107;698;3;2;0;1;0;0;0;0;241;0;0;0;0;0;0;8;0;0;0;15;0;0;0;0
11510;14;0;119.3;0;58;0;494.1;0;3;0;25.56;0;7;0;4;14;98.9;2;40.55;4.71;197.5;109;13;5864;5912;3455;19;3;0;1;0;1;0;0;1744;0;0;0;4;168;3;74;4;0;0;40;0;1;1;7
2918;2;0;68;0;4;0;136;0;0;0;0;0;0;0;0;2;95.88;2;84.41;75.9;217.15;18;4;1405;1493;951;3;0;1;1;0;1;0;0;1198;0;0;0;1;25;1;26;1;0;0;12;0;0;2;0
20365;2;1;9.8;4.9;14;0;68.8;0;1;0;4.91;0;10;2;11;2;89.64;1;75.85;0;91.06;120;15;9929;10272;6579;13;7;0;3;0;1;0;1;3663;1;11;768;4;63;2;35;0;0;0;74;2;0;4;1
5531;1;0;18.2;0;21;0;381.4;0;3;0;54.49;0;0;0;1;1;93.63;2;69.3;0;93.15;37;5;2671;2712;1726;5;3;0;1;0;1;0;1;1991;0;0;0;7;42;1;32;0;0;0;17;1;0;3;4
6941;2;0;28.9;0;10;0;144.7;0;1;0;14.47;0;0;0;0;2;94.95;2;131;2;199;48;6;3364;3413;2263;2;2;0;1;0;1;0;1;1513;0;0;0;6;8;0;42;0;0;0;32;1;1;5;5
9533;2;0;20.9;0;8;0;83.4;0;3;0;31.29;0;4;0;4;2;94.75;2;62;80;80;9;1;4733;4776;2999;8;9;1;3;1;2;0;1;3493;0;0;0;6;250;3;55;1;0;0;42;0;0;1;10
10596;1;0;9.4;0;1;0;9.4;0;1;0;9.43;0;0;0;0;1;94.74;2;54;0;66.4;76;10;5307;5255;3296;11;2;0;1;0;0;0;1;689;0;0;0;1;50;1;13;0;0;0;41;0;1;0;1
19844;3;0;15;0;59;0;295.5;0;5;0;25.04;0;0;0;3;3;97.96;2;14.61;6.29;14.61;131;13;10029;10134;6190;13;5;0;1;0;0;0;1;2475;0;0;0;7;80;0;1;0;0;0;38;2;0;2;6
3404;1;0;28.9;0;8;0;231.3;0;0;0;0;0;1;0;0;1;93.69;2;98.25;83.73;205.63;24;4;1734;1731;1067;5;2;0;0;0;0;0;0;442;0;0;0;1;18;2;11;0;0;0;23;0;0;0;0
3231;2;0;62.1;0;6;0;186.2;0;2;0;62.07;0;0;0;1;2;84.94;2;39.47;0;65.51;23;4;1495;1653;1075;4;2;0;0;0;0;0;0;251;0;0;0;3;25;6;27;0;0;0;14;2;0;1;4
4719;0;0;0;0;3;0;62.6;0;0;0;0;0;0;0;1;0;96.24;2;62.96;69.43;176.05;26;4;2405;2422;1527;4;2;0;0;0;0;0;0;281;0;0;0;0;38;0;9;0;0;0;20;1;0;0;3
4162;1;0;24.1;0;5;0;120.4;0;1;0;24.07;0;0;0;1;1;96.18;2;77.29;0;83.54;28;4;2030;2168;1493;7;3;0;4;0;1;0;3;2983;1;11;261;8;26;22;35;0;0;0;27;1;0;4;6
4078;0;0;0;0;8;0;198.1;0;0;0;0;0;1;0;1;0;91.54;2;84.7;0;91.8;40;5;1921;2021;1364;9;2;0;5;0;3;0;0;2604;1;339;13759;8;0;10;62;0;0;0;16;0;0;3;17
2937;0;0;0;0;3;0;102.5;0;0;0;0;0;0;0;0;0;89.69;3;52.2;0;53.2;27;5;1412;1498;987;6;1;0;0;0;0;0;3;4467;0;0;0;11;0;8;7;1;0;0;13;0;2;0;26
4061;0;0;0;0;1;0;24.4;0;0;0;0;0;0;1;1;0;95.32;2;42.26;16.83;349.21;25;3;2018;1988;1283;3;2;1;0;0;0;0;0;507;0;0;0;3;15;3;26;0;0;0;19;0;0;2;0
11163;2;0;17.9;0;19;0;169.7;0;1;0;8.93;0;2;6;5;2;85.4;1;36.05;0;49.92;50;6;5494;5537;3628;6;4;0;1;0;0;0;0;1639;0;0;0;4;120;2;24;0;0;0;27;2;1;0;3
7799;0;0;0;0;6;0;77.3;0;0;0;0;0;1;0;2;0;94.05;2;53.6;0;66.1;44;6;3795;3913;2489;8;4;0;2;0;1;0;0;1154;0;0;0;6;80;8;24;2;0;0;31;1;1;5;6
2613;0;0;0;0;5;0;189.8;0;0;0;0;0;0;0;1;0;94.64;2;37.39;92.08;103.77;12;3;1323;1347;896;2;1;0;0;0;0;0;0;208;0;0;0;0;13;0;12;0;0;0;31;0;0;1;0
7233;0;0;0;0;11;0;151.8;0;1;0;13.8;0;1;1;3;0;96.48;2;154.55;0;172.31;6;35;3504;3628;2365;5;3;0;4;0;2;0;2;3641;0;0;0;4;27;7;41;0;0;0;25;0;0;1;3
13626;1;0;7.2;0;5;0;35.9;0;0;0;0;0;2;4;1;1;95.71;1;60.2;0;205.5;117;13;6982;7033;4127;11;4;2;2;1;0;1;3;2078;0;0;0;4;22;3;19;0;0;0;35;0;0;1;1
2528;1;0;39.8;0;3;0;119.5;0;0;0;0;0;0;0;0;1;96.54;2;25.57;0;28.63;17;5;1219;1329;911;3;2;0;1;0;0;0;0;214;0;0;0;0;99;2;5;0;0;0;8;0;5;0;10
4598;0;0;0;0;3;0;65.4;0;0;0;0;0;0;0;0;0;97.99;4;50.3;0;54.3;27;4;2135;2392;1535;3;1;0;1;0;0;0;0;1022;0;0;0;1;0;11;12;0;0;0;20;0;3;0;64
12076;4;0;32.8;0;28;0;229.5;0;3;0;24.59;0;7;0;10;4;95.2;2;93.45;6;143.2;74;9;6095;6214;3760;11;2;1;1;0;0;0;1;1119;2;310;9079;6;90;4;99;1;0;0;36;2;0;3;4
7371;2;0;26.6;0;19;0;252.6;0;0;0;0;0;0;0;0;2;94.4;2;73.34;34;533.65;40;6;3847;3866;2402;9;5;0;1;0;1;0;1;3046;0;0;0;1;0;1;24;0;0;0;39;0;0;0;0
20161;5;0;24.8;0;23;0;114.3;0;1;0;4.97;0;2;1;3;5;94.9;1;148.8;0;174.8;104;13;9900;9987;6275;11;4;0;2;0;2;0;2;1750;0;0;0;2;255;1;166;0;0;0;48;7;1;2;1
3877;2;0;51.8;0;8;0;207.1;0;0;0;0;0;0;0;0;2;94.82;2;25.52;0;29.75;37;5;1951;2076;1395;2;3;0;0;0;0;0;0;328;0;0;0;3;5;34;35;0;0;0;12;0;1;0;2
14176;1;0;7.1;0;28;0;198.1;0;0;0;0;0;2;0;1;1;87.37;2;129.6;0;140.9;82;11;6938;7094;4478;8;3;0;0;0;0;0;0;1204;0;0;0;1;0;4;50;0;0;0;38;1;3;1;2
3655;2;0;54;0;2;0;54;0;0;0;0;0;0;1;6;2;97.54;1;60;14;78.45;31;6;1874;1872;1128;1;1;0;0;0;0;0;0;158;0;0;0;1;35;1;61;0;0;0;13;0;0;1;1
4195;0;0;0;0;4;0;95.4;0;1;0;23.85;0;1;0;1;0;95.74;2;20.75;0;25.25;30;5;2005;2251;1657;2;0;0;0;0;1;0;0;132;0;0;0;3;10;6;50;4;0;0;13;0;1;1;3
6504;0;0;0;0;9;0;138.3;0;1;0;15.36;0;0;0;0;0;93.38;3;103.57;2;109.14;48;9;3095;3260;2112;4;1;0;0;0;0;0;0;491;2;16;452;4;37;18;28;0;0;0;41;0;1;1;2
15241;4;0;26.4;0;7;0;46.2;0;0;0;0;0;2;0;2;4;89.82;2;62.3;0;82.5;91;13;7351;7519;4714;8;3;0;1;0;0;0;0;1318;0;0;0;4;149;5;37;0;0;0;39;1;0;3;3
8224;1;0;11.9;0;2;0;23.8;0;0;0;0;0;5;1;3;1;97.36;1;136.5;0;211.93;49;7;4330;4242;2519;8;2;1;0;0;0;0;0;430;0;0;0;1;9;0;12;0;0;0;31;0;0;0;0
14833;3;0;20.2;0;15;0;101;0;0;0;0;0;3;0;3;3;93.06;2;31.02;0;41.52;87;11;7604;7733;4888;8;5;1;1;0;0;0;0;1216;0;0;0;2;175;10;16;0;0;0;59;0;1;0;2
4490;1;1;23.3;23.3;6;0;139.6;0;0;0;0;0;0;0;0;1;88.8;2;39.6;0;40.1;40;6;2023;2160;1457;5;4;0;1;0;0;0;0;1494;0;0;0;2;20;12;15;0;0;0;22;2;1;5;7
5853;0;0;0;0;14;0;239.4;0;0;0;0;0;1;0;0;0;90.02;3;30.22;0;33.22;40;5;2797;2973;1929;7;1;0;0;0;0;0;0;188;0;0;0;5;25;1;51;0;0;0;31;0;0;2;0
12142;0;0;0;0;17;0;140.3;0;1;0;8.25;0;2;0;8;0;94.82;2;55;0;70;53;8;5909;6083;3867;11;2;0;0;0;1;0;0;1892;0;0;0;4;75;5;85;0;0;0;36;0;0;1;4
5707;0;0;0;0;3;0;52.7;0;1;0;17.56;0;0;0;1;0;93.81;2;82.49;0;88.63;8;38;2757;2843;1875;6;1;0;0;0;0;0;0;270;0;0;0;0;55;12;20;0;0;0;21;3;0;0;0
3709;1;0;26.7;0;0;0;0;0;0;0;0;0;0;0;0;1;96.5;2;65.37;90.54;255.35;21;6;1866;1896;1219;4;3;1;1;1;0;1;1;2513;0;0;0;2;33;0;10;0;0;0;23;0;0;1;1
6508;0;0;0;0;0;0;0;0;0;0;0;0;2;0;0;0;97.5;4;10.51;76.8;180.25;41;7;3340;3123;2054;7;4;1;2;1;0;1;0;868;0;0;0;3;33;2;17;0;0;0;18;2;0;0;0
10139;7;0;67.7;0;29;0;280.6;0;0;0;0;0;2;1;3;7;94.87;1;185.13;6;297.72;84;10;5326;5290;3243;5;2;1;2;0;0;0;0;1570;0;0;0;3;52;0;10;0;0;0;34;0;0;1;4
6349;0;0;0;0;2;0;31.2;0;0;0;0;0;0;0;1;0;95.65;2;63.54;69.79;563.02;29;5;3194;3178;2011;5;1;2;0;0;0;0;0;107;0;0;0;1;25;0;5;0;0;0;21;1;1;0;1
5345;1;0;18.5;0;4;0;73.9;0;0;0;0;0;0;1;1;1;94.63;1;66.65;58;99.62;26;5;2725;2710;1710;1;1;3;0;0;0;0;0;105;0;0;0;2;14;1;3;0;0;0;39;1;0;1;2
17550;5;0;28.3;0;30;0;169.5;0;1;0;5.65;0;4;0;2;5;94.38;2;127;0;150;99;11;8728;8960;5370;9;4;0;2;0;1;0;1;2081;1;29;1981;5;225;0;124;0;0;0;55;3;0;1;5
21018;15;0;70.1;0;51;0;238.5;0;1;0;4.68;0;12;3;15;15;98.4;1;307;62;437;196;31;10926;10804;6404;33;3;2;1;2;0;2;0;1020;0;0;0;10;98;11;82;0;0;0;83;0;1;4;9
7023;4;0;55.6;0;34;0;472.9;0;2;0;27.82;0;0;1;4;4;98.58;1;46.34;31.5;436.39;43;7;3623;3601;2174;9;1;0;1;0;0;0;0;711;0;0;0;3;24;1;5;0;0;0;26;0;0;2;1
4837;1;0;20.8;0;10;0;207.8;0;1;0;20.78;0;0;0;0;1;71.98;2;29.3;0;33.6;42;5;2362;2530;1692;4;2;0;1;0;0;0;0;553;2;255;9829;6;166;24;29;0;0;0;11;0;0;2;9
6827;0;0;0;0;4;0;58.9;0;0;0;0;0;2;0;0;0;91.35;3;54.46;0;58.16;64;9;3201;3422;2259;4;4;0;2;0;0;0;1;1688;0;0;0;3;0;6;30;0;0;0;18;0;0;0;2
5206;1;0;19.3;0;3;0;58;0;0;0;0;0;0;0;1;1;94.72;2;69.4;0;79.8;41;6;2503;2651;1732;5;3;0;1;1;0;0;1;680;1;16;73;1;0;0;13;0;0;0;25;1;1;2;7
7790;1;0;13.3;0;10;0;133.1;0;1;0;13.31;0;0;0;0;1;86.92;2;65.33;0;75.56;57;7;3569;3842;2512;11;3;0;2;0;1;0;3;8281;0;0;0;4;80;13;92;2;0;0;34;0;0;3;7
33349;1;0;3;0;26;0;77.6;0;0;0;0;0;3;2;1;1;97.7;1;153.3;207.4;207.4;25;1;16533;16930;10296;25;6;0;2;0;0;0;0;1876;0;0;0;8;130;0;66;0;0;0;49;0;2;2;4
4011;0;0;0;0;3;0;75.5;0;0;0;0;0;1;0;1;0;95.29;2;120;0;131.98;22;5;1978;1968;1184;6;1;0;0;0;0;0;0;403;0;0;0;2;53;0;22;1;0;0;22;1;1;1;0
6492;3;0;45.3;0;6;0;90.6;0;0;0;0;0;0;0;1;3;98.16;2;213.21;109;389.66;41;9;3361;3331;2148;4;3;1;1;1;1;0;0;1696;0;0;0;0;36;0;53;3;1;0;42;1;1;1;2
13557;3;0;22.2;0;31;0;229;0;1;0;7.39;0;2;3;4;3;97.39;1;57.76;2.51;255.05;88;12;6708;6760;4234;9;4;1;1;0;0;0;0;2792;0;0;0;6;130;2;70;1;0;0;49;0;1;3;4
13397;2;0;14.9;0;11;0;82.1;0;1;0;7.47;0;4;1;4;2;93.99;1;67.4;0;84.38;64;8;6502;6774;4169;3;4;0;0;0;0;0;0;1132;1;13;31;4;233;3;143;0;0;0;41;2;1;5;3
14475;0;0;0;0;30;0;207.5;0;5;0;34.59;0;1;1;7;0;94.98;2;222.1;0;235.88;83;11;7103;7254;4700;11;4;0;1;0;1;0;0;679;0;0;0;4;25;7;19;0;0;0;37;2;0;2;4
4057;1;0;24.1;0;7;0;169;0;0;0;0;0;0;0;0;1;94.24;2;97.58;134.74;170.95;22;3;2081;2074;1338;6;2;0;0;0;0;0;0;267;0;0;0;0;2;0;5;0;0;0;28;0;0;1;4
5153;1;0;19.2;0;1;0;19.2;0;0;0;0;0;0;1;1;1;92.31;1;56.5;82.9;123.86;25;5;2588;2662;1676;4;2;1;2;0;2;0;0;994;0;0;0;0;2;0;6;0;0;0;36;0;0;0;0
12443;3;0;24.1;0;27;0;216.6;0;1;0;8.02;0;1;1;4;3;97.25;1;158.5;0;185;98;17;6044;6434;4070;10;4;0;2;0;2;0;1;5227;0;0;0;6;65;3;41;0;0;0;45;3;1;4;8
5552;1;0;17.7;0;5;0;88.7;0;0;0;0;0;0;0;1;1;94.53;2;48;74.05;192.22;26;6;2869;2807;1808;5;3;1;1;0;1;0;0;510;0;0;0;0;11;13;2;0;0;0;37;1;0;1;0
15124;1;0;6.6;0;30;0;197.6;0;3;0;19.76;0;1;5;6;1;95.71;1;95.05;146.5;146.5;11;1;7390;7633;4796;13;3;0;4;0;1;0;1;3936;2;196;6770;8;108;4;72;0;0;0;70;0;1;2;4
2564;0;0;0;0;4;0;156.6;0;0;0;0;0;0;0;0;0;95.8;4;43.35;0;46.6;24;3;1275;1300;921;4;1;0;0;0;0;0;1;348;1;248;9602;1;99;9;17;1;0;0;14;2;0;2;1
15351;6;0;39.2;0;39;0;255.1;0;3;0;19.62;0;2;1;3;6;97.82;1;84.25;0;93.2;105;12;7413;7622;4889;11;5;1;0;0;0;0;1;1575;0;0;0;9;66;6;52;0;0;0;49;4;3;5;7
6459;0;0;0;0;4;0;61.7;0;0;0;0;0;0;0;1;0;97.07;2;32.35;0;33.93;29;4;3284;3320;2149;10;2;0;2;0;1;0;1;2012;0;0;0;2;21;8;27;0;0;0;33;1;1;0;1
13661;0;0;0;0;18;0;131.4;0;3;0;21.9;0;4;0;1;0;97.84;2;78.5;0;140;124;14;6854;7420;5011;6;3;0;1;0;1;0;0;2010;0;0;0;6;105;22;55;1;0;0;20;0;1;1;4
5333;1;0;18.3;0;7;0;128.4;0;0;0;0;0;3;0;1;1;96.49;2;126.7;284.69;211.59;27;7;2763;2693;1667;6;3;0;0;1;0;1;1;646;0;0;0;4;52;2;4;0;0;0;42;1;0;1;4
11560;2;0;17.2;0;38;0;326.8;0;1;0;8.6;0;3;4;3;2;93.75;1;215.95;6.5;233.5;68;11;5778;5885;3689;13;6;0;2;0;2;0;0;2653;0;739;17960;13;54;14;234;0;0;1;41;1;0;3;3
14513;8;0;54.9;0;41;0;281.5;0;1;0;6.86;0;3;1;3;8;91.44;1;150;177;183;12;1;7197;7250;4531;10;6;1;0;1;0;1;1;1780;0;0;0;7;65;0;24;0;0;0;50;0;1;0;4
9375;3;0;31.7;0;16;0;168.9;0;4;0;42.23;0;2;0;3;3;96.26;2;89;123.6;135.6;9;1;4702;4736;2866;11;3;1;1;0;1;0;0;1230;0;0;0;4;27;1;19;0;0;0;53;1;1;1;4
15463;1;0;6.4;0;34;0;218.1;0;3;0;19.24;0;5;0;7;1;94.49;2;132.2;189;189;14;1;7731;8032;4886;13;4;1;0;1;0;0;1;1524;1;14;442;7;11;1;13;0;0;0;38;1;1;2;6
3589;0;0;0;0;4;0;111.9;0;0;0;0;0;0;0;0;0;95.68;4;68.84;0;79.99;33;5;1727;1939;1333;5;4;0;2;0;2;0;1;2368;0;0;0;2;20;15;60;0;0;0;18;0;1;2;3
2659;0;0;0;0;2;0;76.1;0;0;0;0;0;1;0;0;0;97.51;4;26.23;0;30.33;34;5;1239;1408;943;3;1;1;2;0;0;0;3;2517;1;357;14805;1;42;3;58;1;0;0;16;1;0;3;1
5574;2;0;36.1;0;5;0;90.2;0;0;0;0;0;0;0;2;2;95.92;2;30.69;0;36.79;43;6;2757;2978;1968;2;4;0;2;0;0;0;1;2092;0;0;0;7;28;1;31;0;0;0;20;1;0;1;3
7103;2;0;27.8;0;12;0;166.6;0;0;0;0;0;3;2;0;2;96.76;2;52.32;149.99;252.63;6;1;3635;3567;2195;9;2;1;1;1;0;1;0;1170;0;0;0;3;64;3;25;0;0;0;36;3;0;1;0
5873;0;0;0;0;2;0;33.5;0;0;0;0;0;0;0;0;0;92.78;3;35.35;0;134.74;33;5;3021;2981;1786;6;0;2;0;2;0;1;0;629;0;0;0;0;36;0;4;0;0;0;24;0;0;0;0
1799;0;0;0;0;2;0;105.7;0;1;0;52.85;0;1;0;0;0;97.02;4;10.22;31.25;494.47;26;6;1027;1012;639;4;1;0;0;0;0;0;0;175;0;0;0;2;12;5;5;0;0;0;11;1;0;0;2
6487;0;0;0;0;3;0;46.8;0;0;0;0;0;2;0;3;0;91.97;2;44.1;0;50.1;50;8;3042;3289;2200;11;4;0;3;0;1;0;1;5622;1;10;305;2;45;19;19;0;0;0;26;0;2;6;9
6353;0;0;0;0;11;0;174.6;0;1;0;15.87;0;1;1;0;0;94.62;2;46.46;0;48.06;5;39;3028;3181;2089;5;4;0;0;0;0;0;0;1265;0;0;0;4;33;19;30;1;0;0;29;3;0;4;4
4107;0;0;0;0;1;0;24.2;0;0;0;0;0;0;0;0;0;94.95;3;41.7;105.52;138.83;20;6;2035;2065;1321;9;4;1;2;0;2;1;0;2417;0;0;0;2;48;0;-1;0;1;0;30;1;0;0;1
14322;5;0;34.8;0;38;0;264.3;0;1;0;6.96;0;2;0;5;5;94.52;2;222;228.5;238.5;16;1;7115;7215;4377;16;3;1;0;1;0;1;0;545;1;65;1341;6;20;2;79;0;0;0;69;0;1;1;7
4988;0;0;0;0;4;0;84.6;0;0;0;0;0;1;0;1;0;94.56;2;51.11;0;74.11;49;6;2195;2357;1598;4;5;0;0;0;0;0;1;1567;0;0;0;4;55;23;51;0;0;0;24;0;0;1;10
8424;1;0;11.8;0;7;0;82.9;0;2;0;23.7;0;0;0;2;1;73.36;2;54.5;0;60;47;5;4445;4498;3015;8;0;0;0;0;0;0;1;355;0;0;0;1;99;20;25;0;0;0;28;0;0;0;3
8987;0;0;0;0;5;0;54.3;0;0;0;0;0;0;0;0;0;96.53;4;17.44;79.2;892.85;60;12;4656;4720;2935;7;3;1;1;0;0;0;1;914;0;0;0;0;90;0;14;0;0;0;32;0;0;0;0
1920;2;0;102.8;0;22;0;1130.5;0;1;0;9.3;0;0;0;1;2;95.2;2;30.88;88.51;72.57;9;3;1008;945;653;4;1;1;0;2;0;2;1;1240;0;0;0;2;9;1;4;0;0;0;20;1;0;0;0
5606;0;0;0;0;1;0;17.7;0;0;0;0;0;0;0;1;0;96.19;2;46.32;87.78;203.78;28;5;2882;2835;1798;5;2;2;0;0;0;0;0;306;0;0;0;0;5;0;10;0;0;0;25;0;0;0;0
22569;6;0;26.3;0;57;0;250.2;0;1;0;4.39;0;4;4;5;6;94.47;1;316.3;0.5;392.43;140;16;11524;11543;7015;16;4;0;2;0;1;0;0;2020;0;0;0;8;95;3;18;0;0;0;78;8;0;4;7
4502;0;0;0;0;3;0;66.8;0;0;0;0;0;2;0;0;0;95.98;4;45.15;0;49.24;34;6;2253;2313;1539;3;2;0;2;0;0;0;0;960;0;0;0;0;155;3;3;0;0;0;23;1;0;0;1
4901;2;0;40.3;0;5;0;100.8;0;0;0;0;0;0;0;0;2;93.48;2;38.68;468.95;238.23;20;5;2495;2508;1694;5;2;0;0;1;0;0;0;352;0;0;0;1;13;0;10;0;0;0;37;0;0;0;0
8597;1;0;11.6;0;1;0;11.6;0;0;0;0;0;1;1;1;1;96.82;1;42.02;0;48.02;49;6;4329;4569;3016;7;3;0;0;0;0;0;0;724;0;0;0;4;38;9;57;0;0;0;21;0;2;2;3
16702;5;0;30.9;0;42;0;259.8;0;1;0;6.18;0;5;0;10;5;93.66;2;33.77;0;100.25;94;14;7936;8023;5106;16;8;2;2;0;0;0;0;3081;0;0;0;10;99;1;68;3;0;0;97;0;2;4;5
2253;0;0;0;0;1;0;44.4;0;0;0;0;0;1;0;1;0;96.89;2;111.71;5.36;465.09;12;3;1137;1120;686;4;1;1;0;0;0;0;0;96;0;0;0;8;15;5;60;0;0;0;9;0;0;0;1
7673;2;0;26.2;0;6;0;78.5;0;0;0;0;0;1;0;4;2;87.04;2;30.22;0;66.22;52;7;3737;3841;2481;6;4;0;2;0;0;0;1;2367;0;0;0;3;30;5;45;0;0;0;16;0;1;4;6
4014;0;0;0;0;1;0;25.1;0;1;0;25.12;0;0;1;0;0;90.86;2;55.4;0;58.4;43;7;1921;1963;1355;3;0;1;0;0;0;0;0;363;1;35;110;0;0;0;2;0;0;0;20;0;1;3;4
15552;2;0;13;0;24;0;155.7;0;2;0;12.97;0;5;0;0;2;86.08;2;84.3;0;99.2;131;15;7374;7752;4950;12;3;1;1;0;0;0;1;1913;0;0;0;3;0;10;15;0;0;0;50;1;2;2;17
12153;6;0;48.8;0;27;0;219.8;0;0;0;0;0;1;0;12;6;91.2;2;300;275;595;55;9;6236;6145;3771;8;2;4;0;2;0;1;0;417;0;0;0;0;35;0;4;0;0;0;66;0;0;0;0
7538;3;0;39.3;0;11;0;144.2;0;1;0;13.11;0;0;0;2;3;92.93;2;100;8.06;168;55;7;3772;3862;2446;4;4;0;0;1;0;1;0;458;1;15;307;4;4;0;14;0;0;0;33;0;0;1;3
3592;0;0;0;0;7;0;197.1;0;0;0;0;0;0;0;1;0;93.09;2;43.8;0;53.7;33;6;1691;1846;1210;5;2;0;1;0;0;0;0;1081;2;16;270;6;49;0;105;0;0;0;19;5;0;0;4
8247;3;0;37.1;0;18;0;222.5;0;0;0;0;0;0;1;1;3;93.71;1;87.48;17;99.88;52;9;4110;4091;2506;3;3;0;1;0;0;0;0;916;0;0;0;3;20;2;30;0;0;0;23;0;1;2;3
15054;3;0;19.8;0;43;0;284;0;3;0;19.81;0;6;0;8;3;93.44;2;162.32;0;318.15;103;11;7516;7751;4636;14;4;1;2;0;1;0;0;2760;2;91;1626;8;94;12;109;0;0;0;48;2;0;3;14
10706;2;0;18.6;0;22;0;204.6;0;1;0;9.3;0;2;1;1;2;95.01;1;90.93;0;96.81;7;57;5191;5432;3336;13;4;0;2;0;2;0;1;3010;2;237;13068;7;172;10;115;1;0;0;34;6;0;3;5
8257;1;0;12.1;0;12;0;145.7;0;0;0;0;0;1;1;2;1;90.75;1;57.4;0;66.8;50;8;3925;4205;2816;7;6;0;0;0;0;0;0;2985;0;0;0;2;0;3;16;0;0;0;24;1;0;0;15
9068;0;0;0;0;6;0;66.1;0;0;0;0;0;2;0;0;0;98.43;4;31.5;3;44.67;52;9;4551;4530;2831;7;3;0;2;0;0;0;0;1875;0;0;0;3;25;0;13;0;0;0;30;0;0;0;3
8694;2;0;22.8;0;15;0;171;0;0;0;0;0;0;0;5;2;87.73;2;108.6;5;108.6;32;7;4446;4360;2748;7;2;2;0;0;0;0;0;546;2;1148;37091;8;50;0;12;0;0;0;52;0;1;2;4
3273;2;0;61.1;0;3;0;91.7;0;0;0;0;0;0;0;0;2;95.57;2;43.13;0;58.88;20;3;1596;1733;1157;5;3;0;2;0;3;0;0;2464;0;0;0;3;10;12;78;1;0;0;14;2;0;3;8
12861;0;0;0;0;12;0;91.6;0;1;0;7.63;0;4;0;7;0;97.53;2;117.4;0;208.9;71;10;6719;6584;3923;11;2;1;1;0;0;0;0;1259;0;0;0;1;45;1;21;0;0;0;36;0;0;1;3
22188;3;0;13.4;0;49;0;219.3;0;0;0;0;0;4;0;22;3;93.58;2;211.72;0;328.72;119;10;11252;11271;6957;15;2;2;0;0;0;0;0;810;0;0;0;5;89;1;68;0;0;0;59;2;1;0;10
37160;14;0;37.3;0;100;0;266.7;0;8;0;21.33;0;11;2;26;14;93.79;1;285.04;12;449;292;32;18711;19130;11224;29;7;0;4;1;0;0;1;5142;0;0;0;16;204;4;116;3;0;0;90;0;2;2;35
8110;2;0;23.9;0;4;0;47.8;0;0;0;0;0;0;0;3;2;88.08;2;24.5;0;33.42;38;4;4181;4244;2668;3;1;0;0;0;1;0;1;1451;1;22;529;6;56;2;37;1;0;0;22;1;0;0;4
13324;1;0;7.5;0;27;0;202.4;0;2;0;14.99;0;0;1;2;1;90.96;1;226.54;5.11;283.13;64;11;6627;6640;4314;12;3;0;1;0;0;0;0;1180;0;0;0;3;42;7;61;0;0;0;47;3;1;4;6
21113;4;0;19;0;34;0;161.2;0;1;0;4.74;0;3;2;5;4;90.17;1;174.58;0.5;225.98;130;18;10229;10817;6839;21;8;0;5;0;2;0;3;7551;0;0;0;18;125;25;132;5;1;0;89;5;1;5;17
14234;7;0;48.5;0;53;0;367;0;1;0;6.92;0;5;3;8;7;94.35;1;15;0;15;83;12;7211;7188;4378;13;5;2;2;0;1;0;2;903;0;0;0;1;13;3;13;0;1;0;72;0;0;0;1
9442;2;0;21.1;0;19;0;200.8;0;2;0;21.13;0;2;1;3;2;95.93;1;152.5;0;185;46;5;4646;4795;2992;9;4;0;1;0;0;0;0;2232;0;0;0;8;48;20;92;1;0;0;40;3;0;3;7
6555;1;0;15.1;0;9;0;135.7;0;0;0;0;0;0;0;0;1;97.59;2;94.54;152.58;153.56;30;6;3298;3357;2133;5;3;1;1;1;0;0;0;908;0;0;0;3;29;16;1;0;0;0;41;0;0;0;1
20964;6;0;28.7;0;19;0;90.9;0;0;0;0;0;1;0;8;6;95.75;2;70.3;0;197.75;119;16;10362;10502;6532;17;6;1;0;0;1;0;0;2649;2;515;17735;4;197;3;80;3;0;0;94;0;0;4;12
3292;0;0;0;0;5;0;150.6;0;0;0;0;0;0;0;1;0;95.28;2;39.9;2;164.86;23;7;1600;1697;1034;3;2;0;1;0;0;0;0;1042;0;0;0;2;75;1;1;0;0;0;14;0;0;0;2
10161;0;0;0;0;8;0;79;0;0;0;0;0;0;1;1;0;91.61;2;54.16;0;74.58;54;9;4931;5096;3184;10;5;0;1;0;1;0;0;1282;0;0;0;3;20;14;14;0;0;0;28;1;0;0;0
4997;4;0;78.2;0;10;0;195.6;0;0;0;0;0;0;0;1;4;94.68;2;72.18;86.86;272.75;14;4;2539;2542;1636;5;3;0;0;0;0;0;0;870;0;0;0;3;61;1;32;0;0;0;25;0;1;1;0
24670;9;1;36.4;4;46;0;185.9;0;0;0;0;0;10;1;14;9;76.62;1;331.17;0;374.7;128;14;12320;12402;7658;18;7;1;0;0;0;0;0;1826;0;0;0;3;79;5;37;0;0;0;70;2;0;1;1
29561;3;0;10.1;0;22;0;74.4;0;0;0;0;0;5;1;6;3;87.64;1;273.78;0;323.78;129;16;15120;15027;9641;12;6;1;1;0;0;0;0;1571;1;7;109;3;58;13;148;0;0;0;104;0;2;1;4
7551;0;0;0;0;11;0;145.2;0;3;0;39.59;0;0;0;0;0;89.8;3;127.27;0;199.57;50;10;3672;3850;2352;9;4;1;2;1;2;0;0;2012;1;50;982;4;55;1;21;0;0;0;26;1;1;0;13
6966;0;0;0;0;16;0;228.7;0;0;0;0;0;1;1;0;0;98.06;2;131.21;2;206.21;47;10;3348;3558;2226;4;3;0;2;0;2;0;1;3147;1;13;106;3;25;9;20;1;0;0;24;0;0;1;6
13890;3;0;21.6;0;21;0;151.5;0;1;0;7.22;0;2;0;11;3;92.41;2;66.22;0;77.19;95;13;6633;6989;4457;8;3;0;0;0;0;0;0;485;0;0;0;1;45;3;50;1;0;0;62;1;0;3;1
5659;1;0;17.5;0;16;0;280;0;1;0;17.5;0;4;2;0;1;97.45;2;185.28;3.6;264.63;38;8;2858;2829;1780;8;1;0;0;0;0;0;0;405;2;2193;61810;10;26;5;99;0;0;0;16;0;0;2;4
584;0;0;0;0;0;0;0;0;0;0;0;0;1;0;0;0;96.57;4;65;0;235.59;6;2;278;299;184;1;0;0;1;0;1;0;0;589;1;564;17580;1;6;0;24;0;0;0;14;1;1;1;2
1439;0;0;0;0;0;0;0;0;0;0;0;0;0;0;0;0;93.15;3;40.2;0;285.4;8;2;738;690;442;1;1;0;1;0;0;0;0;153;0;0;0;1;5;0;3;0;0;0;6;0;0;0;0
9660;1;0;10.3;0;7;0;72.1;0;2;0;20.6;0;1;0;2;1;95.7;2;74.22;0;202.48;46;8;4895;4845;3170;8;4;0;2;0;1;0;1;833;0;0;0;4;32;5;84;1;0;0;34;2;1;1;1
15350;2;0;12.9;0;15;0;96.6;0;2;0;12.87;0;2;2;7;2;98.5;1;148.9;193.9;193.9;11;1;7883;7836;4658;13;2;1;1;0;0;0;0;1546;0;0;0;5;18;1;22;1;0;0;50;0;0;0;2
32786;4;0;12.2;0;42;0;127.9;0;5;0;15.23;0;7;4;3;4;97.15;1;217.9;278.5;278.5;28;1;16170;16563;10416;29;8;2;1;1;0;1;2;3388;2;2084;24022;7;167;11;219;4;0;0;166;4;3;10;25
8656;0;0;0;0;10;0;113.9;0;2;0;22.78;0;3;0;5;0;93.61;2;89;125.5;125.5;4;1;4479;4457;2644;9;3;1;0;1;0;1;0;1112;0;0;0;3;53;14;47;1;0;0;36;1;0;2;1
3537;0;0;0;0;0;0;0;0;1;0;28.24;0;0;0;0;0;93.49;3;83.7;30;318.53;20;4;1750;1778;1074;1;2;0;0;0;0;0;0;305;0;0;0;2;10;1;25;0;0;0;13;2;0;2;1
7564;1;0;13.1;0;11;0;144.4;0;0;0;0;0;2;0;0;1;91.39;2;129.92;118.79;744.01;36;5;3770;3780;2396;6;3;1;1;0;0;0;0;899;0;0;0;4;36;4;36;1;0;0;33;0;0;0;0
5171;1;0;18.9;0;9;0;169.8;0;0;0;0;0;0;0;0;1;97.08;2;38.28;220;193.31;36;4;2663;2758;1711;1;2;1;0;1;0;1;0;612;0;0;0;0;70;0;26;0;0;0;15;1;0;2;4
10413;1;0;9.9;0;11;0;109;0;2;0;19.82;0;2;1;4;1;92.31;1;76.77;0;81.1;81;13;4927;5060;3358;6;1;0;2;0;2;0;1;2638;3;107;2381;8;80;19;31;0;0;0;20;1;1;3;14
9444;4;0;41.3;0;27;0;278.6;0;0;0;0;0;0;0;4;4;96.75;2;100;9;1002.91;27;4;1897;1947;1249;8;2;0;1;0;0;0;0;3364;0;0;0;0;5;0;12;0;0;0;49;0;0;0;0
3688;0;0;0;0;6;0;159.3;0;0;0;0;0;0;0;0;0;96.75;4;100;87.36;1372.17;52;10;4937;4927;2998;3;3;1;3;3;2;2;1;665;0;0;0;4;50;0;50;0;0;0;18;0;0;0;2
23137;3;0;12.9;0;12;0;51.4;0;1;0;4.29;0;1;1;4;3;95.36;1;58.19;47;108.03;130;16;11768;11765;7218;18;4;1;1;1;0;1;1;1234;1;17;694;8;135;2;23;0;0;0;53;1;1;2;6
8280;0;0;0;0;14;0;169.4;0;0;0;0;0;3;0;4;0;85.81;2;59.63;0;63.27;47;6;3967;4166;2712;3;3;0;1;0;0;0;0;1801;1;21;392;3;52;8;38;0;0;0;29;1;1;2;1