;a;b;sigma1;sigma2;x0;y0;x1;y1;x2;y2;miu0;miu1;miu2;max;cluster
0;-0,3584356534869603;-0,1409447108832727;0,3181980515339463;0,15909902576697316;2,266837576454706;0,7406294762403154;2,678376195177589;1,4110165275481825;2,329078963266169;0,1479404246636692;6,411337782756162e-14;1,4904464042248434e-20;5,727136509971219e-09;5,727136509971219e-09;2,0
1;0,8483970141724707;-0,4961727108200954;0,3181980515339463;0,15909902576697316;2,266837576454706;0,7406294762403154;2,678376195177589;1,4110165275481825;2,329078963266169;0,1479404246636692;2,2275137757910404e-14;5,1783106895700724e-21;1,9897993061773303e-09;1,9897993061773303e-09;2,0
2;0,2928888738280357;-0,2672999240246665;0,3181980515339463;0,15909902576697316;2,266837576454706;0,7406294762403154;2,678376195177589;1,4110165275481825;2,329078963266169;0,1479404246636692;1,3178410543197087e-13;3,063590669069888e-20;1,1772044887157476e-08;1,1772044887157476e-08;2,0
3;0,1701402568417017;-0,2611362662932525;0,3181980515339463;0,15909902576697316;2,266837576454706;0,7406294762403154;2,678376195177589;1,4110165275481825;2,329078963266169;0,1479404246636692;8,118660517831574e-14;1,887348442078557e-20;7,252258208698943e-09;7,252258208698943e-09;2,0
4;-0,5619123203119214;0,2005310975314194;0,3181980515339463;0,15909902576697316;2,266837576454706;0,7406294762403154;2,678376195177589;1,4110165275481825;2,329078963266169;0,1479404246636692;1,9950932287529504e-11;4,6380016615032554e-18;1,7821820746863538e-06;1,7821820746863538e-06;2,0
5;-0,0185367335298218;-0,3868967749016055;0,3181980515339463;0,15909902576697316;2,266837576454706;0,7406294762403154;2,678376195177589;1,4110165275481825;2,329078963266169;0,1479404246636692;2,6667322698746167e-15;6,199363779202306e-22;2,3821455463155796e-10;2,3821455463155796e-10;2,0
6;0,441079118488102;-0,1883986866777376;0,3181980515339463;0,15909902576697316;2,266837576454706;0,7406294762403154;2,678376195177589;1,4110165275481825;2,329078963266169;0,1479404246636692;1,3018110065250606e-12;3,026325549207739e-19;1,1628851258788235e-07;1,1628851258788235e-07;2,0
7;-0,3093176007583517;-0,0405892124634235;0,3181980515339463;0,15909902576697316;2,266837576454706;0,7406294762403154;2,678376195177589;1,4110165275481825;2,329078963266169;0,1479404246636692;5,932062597225215e-13;1,37902909927017e-19;5,299008324187596e-08;5,299008324187596e-08;2,0
8;-0,3544980462007199;-0,1551856513969596;0,3181980515339463;0,15909902576697316;2,266837576454706;0,7406294762403154;2,678376195177589;1,4110165275481825;2,329078963266169;0,1479404246636692;4,934297919452432e-14;1,1470783229050941e-20;4,407722494605916e-09;4,407722494605916e-09;2,0
9;-0,2572144958786003;0,3186438090727075;0,3181980515339463;0,15909902576697316;2,266837576454706;0,7406294762403154;2,678376195177589;1,4110165275481825;2,329078963266169;0,1479404246636692;9,261600744475078e-10;2,1530482396506743e-16;8,273226830619052e-05;8,273226830619052e-05;2,0
10;-0,7206814877368032;-0,0781030660259003;0,3181980515339463;0,15909902576697316;2,266837576454706;0,7406294762403154;2,678376195177589;1,4110165275481825;2,329078963266169;0,1479404246636692;3,708086872989522e-14;8,620205226536525e-21;3,3123694979168532e-09;3,3123694979168532e-09;2,0
11;0,5144576288292928;-0,3797489733408205;0,3181980515339463;0,15909902576697316;2,266837576454706;0,7406294762403154;2,678376195177589;1,4110165275481825;2,329078963266169;0,1479404246636692;4,2696456083331907e-14;9,925663192119203e-21;3,814000147346999e-09;3,814000147346999e-09;2,0
12;0,1090374806461785;0,1378572681227711;0,3181980515339463;0,15909902576697316;2,266837576454706;0,7406294762403154;2,678376195177589;1,4110165275481825;2,329078963266169;0,1479404246636692;1,5895269707633394e-10;3,6951800673558627e-17;1,4198967916379577e-05;1,4198967916379577e-05;2,0
13;0,2831781650485658;-0,4080705978567296;0,3181980515339463;0,15909902576697316;2,266837576454706;0,7406294762403154;2,678376195177589;1,4110165275481825;2,329078963266169;0,1479404246636692;7,7877782645408e-15;1,8104281048027067e-21;6,956686847848207e-10;6,956686847848207e-10;2,0
14;-0,3958438466903366;0,3454414122463906;0,3181980515339463;0,15909902576697316;2,266837576454706;0,7406294762403154;2,678376195177589;1,4110165275481825;2,329078963266169;0,1479404246636692;7,929760908180666e-10;1,843434869981191e-16;7,083517473487549e-05;7,083517473487549e-05;2,0
15;-0,518338357622522;-0,096707782441379;0,3181980515339463;0,15909902576697316;2,266837576454706;0,7406294762403154;2,678376195177589;1,4110165275481825;2,329078963266169;0,1479404246636692;6,974361893272665e-14;1,6213328571689074e-20;6,230076153551673e-09;6,230076153551673e-09;2,0
16;-0,0872683583395314;0,2297676747151405;0,3181980515339463;0,15909902576697316;2,266837576454706;0,7406294762403154;2,678376195177589;1,4110165275481825;2,329078963266169;0,1479404246636692;3,7044660157296857e-10;8,611787804360379e-17;3,309135049114929e-05;3,309135049114929e-05;2,0
17;0,0894639269383399;-0,0070914361900827;0,3181980515339463;0,15909902576697316;2,266837576454706;0,7406294762403154;2,678376195177589;1,4110165275481825;2,329078963266169;0,1479404246636692;8,238043266690015e-12;1,915101400164957e-18;7,358900741476891e-07;7,358900741476891e-07;2,0
18;-0,0367608068035468;-0,2681106396360939;0,3181980515339463;0,15909902576697316;2,266837576454706;0,7406294762403154;2,678376195177589;1,4110165275481825;2,329078963266169;0,1479404246636692;2,5463631684403067e-14;5,919541220336254e-21;2,274621921940182e-09;2,274621921940182e-09;2,0
19;-0,793634094959698;-0,0857127215308646;0,3181980515339463;0,15909902576697316;2,266837576454706;0,7406294762403154;2,678376195177589;1,4110165275481825;2,329078963266169;0,1479404246636692;2,225412083172865e-14;5,173424875857418e-21;1,9879219007224857e-09;1,9879219007224857e-09;2,0
20;-0,7239057404635114;0,0057249709081638;0,3181980515339463;0,15909902576697316;2,266837576454706;0,7406294762403154;2,678376195177589;1,4110165275481825;2,329078963266169;0,1479404246636692;1,9114673730383305e-13;4,443596281263721e-20;1,7074805525283905e-08;1,7074805525283905e-08;2,0
21;0,260051163001167;0,1200528546085076;0,3181980515339463;0,15909902576697316;2,266837576454706;0,7406294762403154;2,678376195177589;1,4110165275481825;2,329078963266169;0,1479404246636692;2,357238790529169e-10;5,479882979637947e-17;2,105680405151958e-05;2,105680405151958e-05;2,0
22;-0,7089094456529852;0,0001528563684718;0,3181980515339463;0,15909902576697316;2,266837576454706;0,7406294762403154;2,678376195177589;1,4110165275481825;2,329078963266169;0,1479404246636692;1,8438587492919023e-13;4,286426227880329e-20;1,647086945052501e-08;1,647086945052501e-08;2,0
23;-0,6907604942371288;0,0262020965213661;0,3181980515339463;0,15909902576697316;2,266837576454706;0,7406294762403154;2,678376195177589;1,4110165275481825;2,329078963266169;0,1479404246636692;3,3737937916558636e-13;7,843072687410185e-20;3,013751303710006e-08;3,013751303710006e-08;2,0
24;-0,2153245404103676;-0,0574173418359498;0,3181980515339463;0,15909902576697316;2,266837576454706;0,7406294762403154;2,678376195177589;1,4110165275481825;2,329078963266169;0,1479404246636692;6,767472939383564e-13;1,5732372946129558e-19;6,04526585007418e-08;6,04526585007418e-08;2,0
25;-0,497560027656356;0,2373733468916287;0,3181980515339463;0,15909902576697316;2,266837576454706;0,7406294762403154;2,678376195177589;1,4110165275481825;2,329078963266169;0,1479404246636692;5,675893611191735e-11;1,3194773868125069e-17;5,070177025268883e-06;5,070177025268883e-06;2,0
26;0,8909915002485073;-0,0058743861933815;0,3181980515339463;0,15909902576697316;2,266837576454706;0,7406294762403154;2,678376195177589;1,4110165275481825;2,329078963266169;0,1479404246636692;4,418472339116448e-10;1,0271641322214017e-16;3,9469444769720766e-05;3,9469444769720766e-05;2,0
27;0,3355455356770378;0,8795454676244584;0,3181980515339463;0,15909902576697316;2,266837576454706;0,7406294762403154;2,678376195177589;1,4110165275481825;2,329078963266169;0,1479404246636692;0,0011213465232294173;2,6067990021246883e-10;100,16793423034581;100,16793423034581;2,0
28;-0,0660907683087724;0,2480617477758255;0,3181980515339463;0,15909902576697316;2,266837576454706;0,7406294762403154;2,678376195177589;1,4110165275481825;2,329078963266169;0,1479404246636692;5,903138866404047e-10;1,3723051873410316e-16;5,2731712586010625e-05;5,2731712586010625e-05;2,0
29;0,138475837108646;-0,4640135101066145;0,3181980515339463;0,15909902576697316;2,266837576454706;0,7406294762403154;2,678376195177589;1,4110165275481825;2,329078963266169;0,1479404246636692;1,2622944262306909e-15;2,9344611879734874e-22;1,1275856521306509e-10;1,1275856521306509e-10;2,0
30;0,7161705608670106;0,2496618802227314;0,3181980515339463;0,15909902576697316;2,266837576454706;0,7406294762403154;2,678376195177589;1,4110165275481825;2,329078963266169;0,1479404246636692;2,900666385583772e-08;6,7431914067561e-15;0,002591114822370444;0,002591114822370444;2,0
31;0,3519477669133746;-0,1822140919300104;0,3181980515339463;0,15909902576697316;2,266837576454706;0,7406294762403154;2,678376195177589;1,4110165275481825;2,329078963266169;0,1479404246636692;9,472108016988796e-13;2,2019849542666326e-19;8,461269315179831e-08;8,461269315179831e-08;2,0
32;0,8076670921437306;0,6597493915410249;0,3181980515339463;0,15909902576697316;2,266837576454706;0,7406294762403154;2,678376195177589;1,4110165275481825;2,329078963266169;0,1479404246636692;0,0001502197295392667;3,492164401907061e-11;13,418867118127315;13,418867118127315;2,0
33;-0,3019673940605028;-0,1730714734335698;0,3181980515339463;0,15909902576697316;2,266837576454706;0,7406294762403154;2,678376195177589;1,4110165275481825;2,329078963266169;0,1479404246636692;4,492102417878883e-14;1,0442809477523891e-20;4,012716945464779e-09;4,012716945464779e-09;2,0
34;-0,1656960060803363;-0,1384697334951813;0,3181980515339463;0,15909902576697316;2,266837576454706;0,7406294762403154;2,678376195177589;1,4110165275481825;2,329078963266169;0,1479404246636692;1,7439837866346148e-13;4,0542464800514256e-20;1,5578703783314396e-08;1,5578703783314396e-08;2,0
35;-0,6189007960104724;-0,2445651234737345;0,3181980515339463;0,15909902576697316;2,266837576454706;0,7406294762403154;2,678376195177589;1,4110165275481825;2,329078963266169;0,1479404246636692;2,287781252356539e-15;5,318414747073188e-22;2,0436351945827724e-10;2,0436351945827724e-10;2,0
36;-0,3435156776650342;0,338007062518614;0,3181980515339463;0,15909902576697316;2,266837576454706;0,7406294762403154;2,678376195177589;1,4110165275481825;2,329078963266169;0,1479404246636692;8,865632132161416e-10;2,0609972489828436e-16;7,919514957492762e-05;7,919514957492762e-05;2,0
37;-0,1859508723435659;0,0775331054020753;0,3181980515339463;0,15909902576697316;2,266837576454706;0,7406294762403154;2,678376195177589;1,4110165275481825;2,329078963266169;0,1479404246636692;1,1249072136742638e-11;2,6150765542517536e-18;1,0048600451362195e-06;1,0048600451362195e-06;2,0
38;-0,5193023274894005;-0,274970172097668;0,3181980515339463;0,15909902576697316;2,266837576454706;0,7406294762403154;2,678376195177589;1,4110165275481825;2,329078963266169;0,1479404246636692;2,052037492595586e-15;4,77038023234343e-22;1,8330493949769528e-10;1,8330493949769528e-10;2,0
39;0,4213005855749498;0,6968267184258102;0,3181980515339463;0,15909902576697316;2,266837576454706;0,7406294762403154;2,678376195177589;1,4110165275481825;2,329078963266169;0,1479404246636692;4,636328987028731e-05;1,0778093592426125e-11;4,141552030726952;4,141552030726952;2,0
40;-0,7766781436506609;-0,0993675536129276;0,3181980515339463;0,15909902576697316;2,266837576454706;0,7406294762403154;2,678376195177589;1,4110165275481825;2,329078963266169;0,1479404246636692;1,8477156994766597e-14;4,295392496276961e-21;1,6505322915572061e-09;1,6505322915572061e-09;2,0
41;0,9219658544253452;-0,2454479683085669;0,3181980515339463;0,15909902576697316;2,266837576454706;0,7406294762403154;2,678376195177589;1,4110165275481825;2,329078963266169;0,1479404246636692;4,534007925066349e-12;1,054022738720374e-18;4,0501504060488716e-07;4,0501504060488716e-07;2,0
42;-0,4822798881130258;-0,0976331696128396;0,3181980515339463;0,15909902576697316;2,266837576454706;0,7406294762403154;2,678376195177589;1,4110165275481825;2,329078963266169;0,1479404246636692;8,182748544106631e-14;1,902247012634686e-20;7,309506927697843e-09;7,309506927697843e-09;2,0
43;1,010745883619115;0,310150853268731;0,3181980515339463;0,15909902576697316;2,266837576454706;0,7406294762403154;2,678376195177589;1,4110165275481825;2,329078963266169;0,1479404246636692;4,103713393817807e-07;9,539919871692866e-14;0,036657757866702924;0,036657757866702924;2,0
44;-0,156591404583295;0,3710461974672761;0,3181980515339463;0,15909902576697316;2,266837576454706;0,7406294762403154;2,678376195177589;1,4110165275481825;2,329078963266169;0,1479404246636692;4,285789868361793e-09;9,96319382164432e-16;0,00038284215339856744;0,00038284215339856744;2,0
45;-0,1368357827621503;0,2120120000414362;0,3181980515339463;0,15909902576697316;2,266837576454706;0,7406294762403154;2,678376195177589;1,4110165275481825;2,329078963266169;0,1479404246636692;2,042209565862276e-10;4,7475332095269994e-17;1,8242702789922875e-05;1,8242702789922875e-05;2,0
46;0,4827770329502193;0,5598681853204903;0,3181980515339463;0,15909902576697316;2,266837576454706;0,7406294762403154;2,678376195177589;1,4110165275481825;2,329078963266169;0,1479404246636692;4,198560101783065e-06;9,760410414586416e-13;0,37505007009462743;0,37505007009462743;2,0
47;-0,206349181228568;-0,0300059740942805;0,3181980515339463;0,15909902576697316;2,266837576454706;0,7406294762403154;2,678376195177589;1,4110165275481825;2,329078963266169;0,1479404246636692;1,2157054531411474e-12;2,82615560531553e-19;1,0859685329295955e-07;1,0859685329295955e-07;2,0
48;0,5592269938028203;0,0702146035775881;0,3181980515339463;0,15909902576697316;2,266837576454706;0,7406294762403154;2,678376195177589;1,4110165275481825;2,329078963266169;0,1479404246636692;3,859135368331653e-10;8,97134830209208e-17;3,44729849117265e-05;3,44729849117265e-05;2,0
49;-0,5308725474339564;-0,2680776459940258;0,3181980515339463;0,15909902576697316;2,266837576454706;0,7406294762403154;2,678376195177589;1,4110165275481825;2,329078963266169;0,1479404246636692;2,220749993071063e-15;5,162586895292539e-22;1,9837573367360637e-10;1,9837573367360637e-10;2,0
50;-0,430792037986457;-0,0235482021613421;0,3181980515339463;0,15909902576697316;2,266837576454706;0,7406294762403154;2,678376195177589;1,4110165275481825;2,329078963266169;0,1479404246636692;4,559034012736438e-13;1,0598405638987704e-19;4,0725057748117986e-08;4,0725057748117986e-08;2,0
51;-0,5864736840996702;-0,1865856295003957;0,3181980515339463;0,15909902576697316;2,266837576454706;0,7406294762403154;2,678376195177589;1,4110165275481825;2,329078963266169;0,1479404246636692;8,440067476885967e-15;1,962066053698399e-21;7,539365454040249e-10;7,539365454040249e-10;2,0
52;-0,0785398939058024;0,8885010816858464;0,3181980515339463;0,15909902576697316;2,266837576454706;0,7406294762403154;2,678376195177589;1,4110165275481825;2,329078963266169;0,1479404246636692;0,00017317803937010634;4,0258772009189434e-11;15,469692997136155;15,469692997136155;2,0
53;-0,1417786095085141;0,9526463491394068;0,3181980515339463;0,15909902576697316;2,266837576454706;0,7406294762403154;2,678376195177589;1,4110165275481825;2,329078963266169;0,1479404246636692;0,0004499323564426257;1,0459596507424031e-10;40,191674700567766;40,191674700567766;2,0
54;-0,5042762840258258;0,3891570195581342;0,3181980515339463;0,15909902576697316;2,266837576454706;0,7406294762403154;2,678376195177589;1,4110165275481825;2,329078963266169;0,1479404246636692;1,1008549824599454e-09;2,5591622306867165e-16;9,833746054040788e-05;9,833746054040788e-05;2,0
55;-0,5555389280572908;-0,1632601859073622;0,3181980515339463;0,15909902576697316;2,266837576454706;0,7406294762403154;2,678376195177589;1,4110165275481825;2,329078963266169;0,1479404246636692;1,5588041252655155e-14;3,623758538571451e-21;1,392452608208094e-09;1,392452608208094e-09;2,0
56;0,281021647355764;-0,0521063228996093;0,3181980515339463;0,15909902576697316;2,266837576454706;0,7406294762403154;2,678376195177589;1,4110165275481825;2,329078963266169;0,1479404246636692;8,719343533069987e-12;2,026989476520545e-18;7,788837896754746e-07;7,788837896754746e-07;2,0
57;-0,0724455747459691;0,4042034484510971;0,3181980515339463;0,15909902576697316;2,266837576454706;0,7406294762403154;2,678376195177589;1,4110165275481825;2,329078963266169;0,1479404246636692;1,2500865409689148e-08;2,906081465506608e-15;0,0011166805605941704;0,0011166805605941704;2,0
58;-0,7132600101589909;-0,1952591103807283;0,3181980515339463;0,15909902576697316;2,266837576454706;0,7406294762403154;2,678376195177589;1,4110165275481825;2,329078963266169;0,1479404246636692;3,8021130280641606e-15;8,838788226656974e-22;3,3963614265699413e-10;3,3963614265699413e-10;2,0
59;-0,0113643829814855;0,7637585803960625;0,3181980515339463;0,15909902576697316;2,266837576454706;0,7406294762403154;2,678376195177589;1,4110165275481825;2,329078963266169;0,1479404246636692;2,053235027619104e-05;4,773164147074191e-12;1,8341191321811856;1,8341191321811856;2,0
60;0,3276174808319047;-0,114189066056508;0,3181980515339463;0,15909902576697316;2,266837576454706;0,7406294762403154;2,678376195177589;1,4110165275481825;2,329078963266169;0,1479404246636692;3,2198057858770124e-12;7,485096119518016e-19;2,876196496916688e-07;2,876196496916688e-07;2,0
61;-0,5127223802709004;-0,0869611476566706;0,3181980515339463;0,15909902576697316;2,266837576454706;0,7406294762403154;2,678376195177589;1,4110165275481825;2,329078963266169;0,1479404246636692;8,69284418183734e-14;2,020829161139063e-20;7,765166487280234e-09;7,765166487280234e-09;2,0
62;-0,7011898481428978;0,1251521577341006;0,3181980515339463;0,15909902576697316;2,266837576454706;0,7406294762403154;2,678376195177589;1,4110165275481825;2,329078963266169;0,1479404246636692;2,2626097427737385e-12;5,259898432354166e-19;2,0211499229549992e-07;2,0211499229549992e-07;2,0
63;0,4930553573746593;-0,035045145654756;0,3181980515339463;0,15909902576697316;2,266837576454706;0,7406294762403154;2,678376195177589;1,4110165275481825;2,329078963266169;0,1479404246636692;3,480060982029218e-11;8,090112474028563e-18;3,1086779362509085e-06;3,1086779362509085e-06;2,0
64;-0,1591690255790001;0,0942155162440883;0,3181980515339463;0,15909902576697316;2,266837576454706;0,7406294762403154;2,678376195177589;1,4110165275481825;2,329078963266169;0,1479404246636692;1,7851200930326787e-11;4,149876225405021e-18;1,5946167252313615e-06;1,5946167252313615e-06;2,0
65;1,03931164716551;0,4318222345400055;0,3181980515339463;0,15909902576697316;2,266837576454706;0,7406294762403154;2,678376195177589;1,4110165275481825;2,329078963266169;0,1479404246636692;5,226584391343771e-06;1,2150262825658256e-12;0,466881691534317;0,466881691534317;2,0
66;-0,4737844812233827;-0,0071438978092612;0,3181980515339463;0,15909902576697316;2,266837576454706;0,7406294762403154;2,678376195177589;1,4110165275481825;2,329078963266169;0,1479404246636692;5,097947672754103e-13;1,1851220502246528e-19;4,553907972386012e-08;4,553907972386012e-08;2,0
67;0,0537525230818165;-0,1912816304482391;0,3181980515339463;0,15909902576697316;2,266837576454706;0,7406294762403154;2,678376195177589;1,4110165275481825;2,329078963266169;0,1479404246636692;1,816062152595917e-13;4,221807362053875e-20;1,622256728772421e-08;1,622256728772421e-08;2,0
68;-0,4019262417408746;-0,2897056640827534;0,3181980515339463;0,15909902576697316;2,266837576454706;0,7406294762403154;2,678376195177589;1,4110165275481825;2,329078963266169;0,1479404246636692;2,738462805609209e-15;6,366116058806511e-22;2,446221186065864e-10;2,446221186065864e-10;2,0
69;-0,5153975446601812;0,1906443055426473;0,3181980515339463;0,15909902576697316;2,266837576454706;0,7406294762403154;2,678376195177589;1,4110165275481825;2,329078963266169;0,1479404246636692;2,0649349396567372e-11;4,8003629820398565e-18;1,8445704600732212e-06;1,8445704600732212e-06;2,0
70;-0,4529001044489015;0,0531217556049817;0,3181980515339463;0,15909902576697316;2,266837576454706;0,7406294762403154;2,678376195177589;1,4110165275481825;2,329078963266169;0,1479404246636692;1,858590367539183e-12;4,320672883085654e-19;1,6602464433621857e-07;1,6602464433621857e-07;2,0
71;0,2313177101765109;-0,0888878338662346;0,3181980515339463;0,15909902576697316;2,266837576454706;0,7406294762403154;2,678376195177589;1,4110165275481825;2,329078963266169;0,1479404246636692;3,2987514413824892e-12;7,668621418549592e-19;2,946717277644387e-07;2,946717277644387e-07;2,0
72;-0,1353820183335006;-0,398424019819329;0,3181980515339463;0,15909902576697316;2,266837576454706;0,7406294762403154;2,678376195177589;1,4110165275481825;2,329078963266169;0,1479404246636692;1,1926067251462348e-15;2,7724578947148177e-22;1,0653348410362496e-10;1,0653348410362496e-10;2,0
73;0,2620389494310082;-0,1643944783463888;0,3181980515339463;0,15909902576697316;2,266837576454706;0,7406294762403154;2,678376195177589;1,4110165275481825;2,329078963266169;0,1479404246636692;8,639543005838907e-13;2,008438214226004e-19;7,717553473985868e-08;7,717553473985868e-08;2,0
74;-0,3240131158927332;0,1279640772965707;0,3181980515339463;0,15909902576697316;2,266837576454706;0,7406294762403154;2,678376195177589;1,4110165275481825;2,329078963266169;0,1479404246636692;1,5404568750726897e-11;3,581106608500228e-18;1,3760633287788424e-06;1,3760633287788424e-06;2,0
75;-0,5291589437255925;-0,0799164233652686;0,3181980515339463;0,15909902576697316;2,266837576454706;0,7406294762403154;2,678376195177589;1,4110165275481825;2,329078963266169;0,1479404246636692;9,211816043378226e-14;2,14147476914428e-20;8,228755023181834e-09;8,228755023181834e-09;2,0
76;0,0125454048193585;0,0699702604991948;0,3181980515339463;0,15909902576697316;2,266837576454706;0,7406294762403154;2,678376195177589;1,4110165275481825;2,329078963266169;0,1479404246636692;2,5819361307606683e-11;6,002237836197938e-18;2,3063986303551956e-06;2,3063986303551956e-06;2,0
77;-0,463111443795284;-0,0166800616685242;0,3181980515339463;0,15909902576697316;2,266837576454706;0,7406294762403154;2,678376195177589;1,4110165275481825;2,329078963266169;0,1479404246636692;4,451208936814223e-13;1,0347744229249278e-19;3,9761875102110244e-08;3,9761875102110244e-08;2,0
78;-0,4230866863915248;-0,245008530003309;0,3181980515339463;0,15909902576697316;2,266837576454706;0,7406294762403154;2,678376195177589;1,4110165275481825;2,329078963266169;0,1479404246636692;5,964391701166857e-15;1,3865446597279574e-21;5,32788735034292e-10;5,32788735034292e-10;2,0
79;-0,5047466296118365;-0,1301277842123653;0,3181980515339463;0,15909902576697316;2,266837576454706;0,7406294762403154;2,678376195177589;1,4110165275481825;2,329078963266169;0,1479404246636692;3,854388233209755e-14;8,96031261700958e-21;3,443057957949235e-09;3,443057957949235e-09;2,0
80;0,3027483068008325;-0,4001338862656848;0,3181980515339463;0,15909902576697316;2,266837576454706;0,7406294762403154;2,678376195177589;1,4110165275481825;2,329078963266169;0,1479404246636692;1,0033934928555147e-14;2,332593093864737e-21;8,963139521764486e-10;8,963139521764486e-10;2,0
81;-0,5124440507314826;-0,3582262595110819;0,3181980515339463;0,15909902576697316;2,266837576454706;0,7406294762403154;2,678376195177589;1,4110165275481825;2,329078963266169;0,1479404246636692;4,0989122560384277e-16;9,528758646404201e-23;3,661487013812341e-11;3,661487013812341e-11;2,0
82;-0,391454336554041;-0,4291109729436573;0,3181980515339463;0,15909902576697316;2,266837576454706;0,7406294762403154;2,678376195177589;1,4110165275481825;2,329078963266169;0,1479404246636692;1,8367722786756219e-16;4,269952279686447e-23;1,6407567241269313e-11;1,6407567241269313e-11;2,0
83;0,7459124938678996;0,1935400122085878;0,3181980515339463;0,15909902576697316;2,266837576454706;0,7406294762403154;2,678376195177589;1,4110165275481825;2,329078963266169;0,1479404246636692;1,1087509739028945e-08;2,577518075367972e-15;0,0009904279572017264;0,0009904279572017264;2,0
84;1,914636833459695;-1,1750142578030212;0,3181980515339463;0,15909902576697316;2,266837576454706;0,7406294762403154;2,678376195177589;1,4110165275481825;2,329078963266169;0,1479404246636692;6,471400317700273e-18;1,504409167109814e-24;5,78078932759146e-13;5,78078932759146e-13;2,0
85;-0,0426557706733738;-0,2586660933045134;0,3181980515339463;0,15909902576697316;2,266837576454706;0,7406294762403154;2,678376195177589;1,4110165275481825;2,329078963266169;0,1479404246636692;2,980568755643495e-14;6,928940784155713e-21;2,662490219566493e-09;2,662490219566493e-09;2,0
86;-0,260217825120108;0,2660089112356985;0,3181980515339463;0,15909902576697316;2,266837576454706;0,7406294762403154;2,678376195177589;1,4110165275481825;2,329078963266169;0,1479404246636692;3,226325776013151e-10;7,500253168145358e-17;2,8820206906838188e-05;2,8820206906838188e-05;2,0
87;-0,4225342235176328;0,2061413045583794;0,3181980515339463;0,15909902576697316;2,266837576454706;0,7406294762403154;2,678376195177589;1,4110165275481825;2,329078963266169;0,1479404246636692;4,4361930276552695e-11;1,0312836681759938e-17;3,962774059775446e-06;3,962774059775446e-06;2,0
88;-0,3919322638478287;-0,0445464643317633;0,3181980515339463;0,15909902576697316;2,266837576454706;0,7406294762403154;2,678376195177589;1,4110165275481825;2,329078963266169;0,1479404246636692;3,648187225443135e-13;8,480956262708809e-20;3,258862184775438e-08;3,258862184775438e-08;2,0
89;0,1303132070288362;0,8372994085429377;0,3181980515339463;0,15909902576697316;2,266837576454706;0,7406294762403154;2,678376195177589;1,4110165275481825;2,329078963266169;0,1479404246636692;0,00017667333423791766;4,107132468445908e-11;15,781921607277333;15,781921607277333;2,0
90;1,162811416399685;-0,1610716151079746;0,3181980515339463;0,15909902576697316;2,266837576454706;0,7406294762403154;2,678376195177589;1,4110165275481825;2,329078963266169;0,1479404246636692;7,885892498637801e-11;1,8332367622729737e-17;7,044330586375906e-06;7,044330586375906e-06;2,0
91;-0,4819946493904407;-0,1325450240825608;0,3181980515339463;0,15909902576697316;2,266837576454706;0,7406294762403154;2,678376195177589;1,4110165275481825;2,329078963266169;0,1479404246636692;4,11163109502657e-14;9,558326185158469e-21;3,6728485314240684e-09;3,6728485314240684e-09;2,0
92;-0,04290722684476;-0,1582159466584553;0,3181980515339463;0,15909902576697316;2,266837576454706;0,7406294762403154;2,678376195177589;1,4110165275481825;2,329078963266169;0,1479404246636692;2,1651458266710912e-13;5,0333236546414895e-20;1,9340871021787298e-08;1,9340871021787298e-08;2,0
93;0,524119323026703;-0,1037558670688671;0,3181980515339463;0,15909902576697316;2,266837576454706;0,7406294762403154;2,678376195177589;1,4110165275481825;2,329078963266169;0,1479404246636692;1,0441501476047757e-11;2,4273402614256855e-18;9,327211628628992e-07;9,327211628628992e-07;2,0
94;0,4539647648070108;-0,0195899441061663;0,3181980515339463;0,15909902576697316;2,266837576454706;0,7406294762403154;2,678376195177589;1,4110165275481825;2,329078963266169;0,1479404246636692;3,893458299656724e-11;9,051138965615529e-18;3,477958568645053e-06;3,477958568645053e-06;2,0
95;0,3312884096320448;0,1427327700412241;0,3181980515339463;0,15909902576697316;2,266837576454706;0,7406294762403154;2,678376195177589;1,4110165275481825;2,329078963266169;0,1479404246636692;5,245015157933122e-10;1,2193108906649523e-16;4,6852807985165954e-05;4,6852807985165954e-05;2,0
96;-0,5408455430228148;-0,285145473212529;0,3181980515339463;0,15909902576697316;2,266837576454706;0,7406294762403154;2,678376195177589;1,4110165275481825;2,329078963266169;0,1479404246636692;1,5090093057068493e-15;3,508000311076612e-22;1,347971762124943e-10;1,347971762124943e-10;2,0
97;-0,3350802694336913;0,1322468802140626;0,3181980515339463;0,15909902576697316;2,266837576454706;0,7406294762403154;2,678376195177589;1,4110165275481825;2,329078963266169;0,1479404246636692;1,5872850017133295e-11;3,6899681524292445e-18;1,4178940796867917e-06;1,4178940796867917e-06;2,0
98;0,585678067775601;0,4880079628395671;0,3181980515339463;0,15909902576697316;2,266837576454706;0,7406294762403154;2,678376195177589;1,4110165275481825;2,329078963266169;0,1479404246636692;1,6878131673331846e-06;3,923666403946126e-13;0,1507694141251223;0,1507694141251223;2,0
99;-0,4118514138930802;0,0287506184752758;0,3181980515339463;0,15909902576697316;2,266837576454706;0,7406294762403154;2,678376195177589;1,4110165275481825;2,329078963266169;0,1479404246636692;1,406525865291217e-12;3,2697566239776763e-19;1,2564250875993189e-07;1,2564250875993189e-07;2,0
100;0,7046413677865491;0,4993695697853026;0,3181980515339463;0,15909902576697316;2,266837576454706;0,7406294762403154;2,678376195177589;1,4110165275481825;2,329078963266169;0,1479404246636692;3,801263827145155e-06;8,836814085691307e-13;0,33956028501616664;0,33956028501616664;2,0
101;-0,7195387726378942;0,1406181691135384;0,3181980515339463;0,15909902576697316;2,266837576454706;0,7406294762403154;2,678376195177589;1,4110165275481825;2,329078963266169;0,1479404246636692;2,8050135988593232e-12;6,520826969163977e-19;2,505669851961374e-07;2,505669851961374e-07;2,0
102;0,7616133413413266;-0,0960992915679916;0,3181980515339463;0,15909902576697316;2,266837576454706;0,7406294762403154;2,678376195177589;1,4110165275481825;2,329078963266169;0,1479404246636692;3,9245600791132825e-11;9,123441403775438e-18;3,5057412471883377e-06;3,5057412471883377e-06;2,0
103;-0,3366790712456858;0,3408727942684622;0,3181980515339463;0,15909902576697316;2,266837576454706;0,7406294762403154;2,678376195177589;1,4110165275481825;2,329078963266169;0,1479404246636692;9,704117788953864e-10;2,2559203640184657e-16;8,668519608443873e-05;8,668519608443873e-05;2,0
104;0,2405709856807217;0,325351607563764;0,3181980515339463;0,15909902576697316;2,266837576454706;0,7406294762403154;2,678376195177589;1,4110165275481825;2,329078963266169;0,1479404246636692;1,2354142593651751e-08;2,871972750447361e-15;0,001103574066675947;0,001103574066675947;2,0
105;-0,2389515755315966;-0,4115959539783788;0,3181980515339463;0,15909902576697316;2,266837576454706;0,7406294762403154;2,678376195177589;1,4110165275481825;2,329078963266169;0,1479404246636692;5,512871178869262e-16;1,281579493066145e-22;4,924551922406647e-11;4,924551922406647e-11;2,0
106;0,8675127507914364;0,538530978897166;0,3181980515339463;0,15909902576697316;2,266837576454706;0,7406294762403154;2,678376195177589;1,4110165275481825;2,329078963266169;0,1479404246636692;1,8415550102710395e-05;4,281070716041377e-12;1,6450290550609197;1,6450290550609197;2,0
107;0,638540014444767;-0,6564878106958112;0,3181980515339463;0,15909902576697316;2,266837576454706;0,7406294762403154;2,678376195177589;1,4110165275481825;2,329078963266169;0,1479404246636692;3,3301167574019416e-16;7,741536501271176e-23;2,974735368814844e-11;2,974735368814844e-11;2,0
108;0,0673503058188235;-0,0187410475193693;0,3181980515339463;0,15909902576697316;2,266837576454706;0,7406294762403154;2,678376195177589;1,4110165275481825;2,329078963266169;0,1479404246636692;5,867590082910618e-12;1,3640411466169897e-18;5,241416148711539e-07;5,241416148711539e-07;2,0
109;0,3480359863726328;-0,2688406772331622;0,3181980515339463;0,15909902576697316;2,266837576454706;0,7406294762403154;2,678376195177589;1,4110165275481825;2,329078963266169;0,1479404246636692;1,6784850344749738e-13;3,901981254063622e-20;1,4993614824407894e-08;1,4993614824407894e-08;2,0
110;-0,4986918199378807;0,6574046302681983;0,3181980515339463;0,15909902576697316;2,266837576454706;0,7406294762403154;2,678376195177589;1,4110165275481825;2,329078963266169;0,1479404246636692;2,264180278249508e-07;5,263549462812819e-14;0,020225528549745377;0,020225528549745377;2,0
111;-0,6013736626110986;0,4251642012547256;0,3181980515339463;0,15909902576697316;2,266837576454706;0,7406294762403154;2,678376195177589;1,4110165275481825;2,329078963266169;0,1479404246636692;1,3879764275141138e-09;3,226634667574678e-16;0,00012398551975182745;0,00012398551975182745;2,0
112;-0,268682046742394;0,1549485654887915;0,3181980515339463;0,15909902576697316;2,266837576454706;0,7406294762403154;2,678376195177589;1,4110165275481825;2,329078963266169;0,1479404246636692;3,449901981436803e-11;8,020001717878922e-18;3,081737425666427e-06;3,081737425666427e-06;2,0
113;-0,1085110536042761;-0,3929033931278328;0,3181980515339463;0,15909902576697316;2,266837576454706;0,7406294762403154;2,678376195177589;1,4110165275481825;2,329078963266169;0,1479404246636692;1,5187490080970202e-15;3,5306422383896755e-22;1,356672068838626e-10;1,356672068838626e-10;2,0
114;-0,6410395630839207;-0,5302841125272886;0,3181980515339463;0,15909902576697316;2,266837576454706;0,7406294762403154;2,678376195177589;1,4110165275481825;2,329078963266169;0,1479404246636692;7,258539327935042e-18;1,6873957055175867e-24;6,483926912396764e-13;6,483926912396764e-13;2,0
115;-0,8560537978360105;0,013394880991729;0,3181980515339463;0,15909902576697316;2,266837576454706;0,7406294762403154;2,678376195177589;1,4110165275481825;2,329078963266169;0,1479404246636692;1,158113748313355e-13;2,6922719256806362e-20;1,0345228648698253e-08;1,0345228648698253e-08;2,0
116;-0,0202474226943671;0,7170337756023252;0,3181980515339463;0,15909902576697316;2,266837576454706;0,7406294762403154;2,678376195177589;1,4110165275481825;2,329078963266169;0,1479404246636692;7,808209925887378e-06;1,815177861751759e-12;0,6974938095500776;0,6974938095500776;2,0
117;-0,2235468826850403;0,2003350077802022;0,3181980515339463;0,15909902576697316;2,266837576454706;0,7406294762403154;2,678376195177589;1,4110165275481825;2,329078963266169;0,1479404246636692;1,0567231397844314e-10;2,4565687494877585e-17;9,43952398057738e-06;9,43952398057738e-06;2,0
118;-0,4374082304465038;0,2273280922853847;0,3181980515339463;0,15909902576697316;2,266837576454706;0,7406294762403154;2,678376195177589;1,4110165275481825;2,329078963266169;0,1479404246636692;6,264189091790076e-11;1,4562386858409048e-17;5,595691144123731e-06;5,595691144123731e-06;2,0
119;0,4401501930813067;-0,6872408696063044;0,3181980515339463;0,15909902576697316;2,266837576454706;0,7406294762403154;2,678376195177589;1,4110165275481825;2,329078963266169;0,1479404246636692;6,810202168845554e-17;1,583170576646258e-23;6,083435127436658e-12;6,083435127436658e-12;2,0
120;-0,3369697238902467;0,1869149086957786;0,3181980515339463;0,15909902576697316;2,266837576454706;0,7406294762403154;2,678376195177589;1,4110165275481825;2,329078963266169;0,1479404246636692;4,629999047277841e-11;1,0763378354732618e-17;4,135897605662851e-06;4,135897605662851e-06;2,0
121;-0,2732240366877215;0,0514146008689545;0,3181980515339463;0,15909902576697316;2,266837576454706;0,7406294762403154;2,678376195177589;1,4110165275481825;2,329078963266169;0,1479404246636692;4,3639865326858875e-12;1,0144977937710846e-18;3,898273253920475e-07;3,898273253920475e-07;2,0
122;-0,4666971660231039;-0,0936634541036836;0,3181980515339463;0,15909902576697316;2,266837576454706;0,7406294762403154;2,678376195177589;1,4110165275481825;2,329078963266169;0,1479404246636692;9,558147666469481e-14;2,2219866279476172e-20;8,538127037318772e-09;8,538127037318772e-09;2,0
123;-0,4174963167732802;-0,7062068890046264;0,3181980515339463;0,15909902576697316;2,266837576454706;0,7406294762403154;2,678376195177589;1,4110165275481825;2,329078963266169;0,1479404246636692;6,777871847369862e-19;1,5756547331478218e-25;6,054555013679305e-14;6,054555013679305e-14;2,0
124;-0,5748558753159843;-0,3366775677281232;0,3181980515339463;0,15909902576697316;2,266837576454706;0,7406294762403154;2,678376195177589;1,4110165275481825;2,329078963266169;0,1479404246636692;4,60972528888394e-16;1,0716247862903622e-22;4,117787409971006e-11;4,117787409971006e-11;2,0
125;1,3606953862192592;-0,0184210374639752;0,3181980515339463;0,15909902576697316;2,266837576454706;0,7406294762403154;2,678376195177589;1,4110165275481825;2,329078963266169;0,1479404246636692;3,5074847835047574e-09;8,153864701230391e-16;0,00031331751410457003;0,00031331751410457003;2,0
126;-0,5973294901531842;0,1112986313495379;0,3181980515339463;0,15909902576697316;2,266837576454706;0,7406294762403154;2,678376195177589;1,4110165275481825;2,329078963266169;0,1479404246636692;2,874157688344348e-12;6,681566526239822e-19;2,567435064270661e-07;2,567435064270661e-07;2,0
127;-0,4971400429852635;-0,5015210739884419;0,3181980515339463;0,15909902576697316;2,266837576454706;0,7406294762403154;2,678376195177589;1,4110165275481825;2,329078963266169;0,1479404246636692;2,6074356300371042e-17;6,061516629944057e-24;2,329176889470605e-12;2,329176889470605e-12;2,0
128;-0,1290479207938291;-0,0852833709324849;0,3181980515339463;0,15909902576697316;2,266837576454706;0,7406294762403154;2,678376195177589;1,4110165275481825;2,329078963266169;0,1479404246636692;5,975961729564996e-13;1,3892343491199539e-19;5,338222655439246e-08;5,338222655439246e-08;2,0
129;0,9090852395712896;-0,0350473380334888;0,3181980515339463;0,15909902576697316;2,266837576454706;0,7406294762403154;2,678376195177589;1,4110165275481825;2,329078963266169;0,1479404246636692;2,715266133637868e-10;6,312190657429863e-17;2,425500002522221e-05;2,425500002522221e-05;2,0
130;-0,5581368513219154;-0,1784377047933241;0,3181980515339463;0,15909902576697316;2,266837576454706;0,7406294762403154;2,678376195177589;1,4110165275481825;2,329078963266169;0,1479404246636692;1,140294825732965e-14;2,6508482010431146e-21;1,0186055313060011e-09;1,0186055313060011e-09;2,0
131;-0,125745265725655;0,1984898918931355;0,3181980515339463;0,15909902576697316;2,266837576454706;0,7406294762403154;2,678376195177589;1,4110165275481825;2,329078963266169;0,1479404246636692;1,6515214546290339e-10;3,839298906029333e-17;1,4752753856217305e-05;1,4752753856217305e-05;2,0
132;-0,5893152932788279;-0,1191523349995573;0,3181980515339463;0,15909902576697316;2,266837576454706;0,7406294762403154;2,678376195177589;1,4110165275481825;2,329078963266169;0,1479404246636692;3,1531068438404124e-14;7,330040807050427e-21;2,8166154922874188e-09;2,8166154922874188e-09;2,0
133;0,3169827195077712;-0,0164426105160082;0,3181980515339463;0,15909902576697316;2,266837576454706;0,7406294762403154;2,678376195177589;1,4110165275481825;2,329078963266169;0,1479404246636692;2,106468383789457e-11;4,8969159551637804e-18;1,88167156320291e-06;1,88167156320291e-06;2,0
134;0,3163158530646764;-1,2041191506726616;0,3181980515339463;0,15909902576697316;2,266837576454706;0,7406294762403154;2,678376195177589;1,4110165275481825;2,329078963266169;0,1479404246636692;1,3597396115681487e-21;3,160992422197122e-28;1,214631741040228e-16;1,214631741040228e-16;2,0
135;-0,194640695237623;-0,4020853699194637;0,3181980515339463;0,15909902576697316;2,266837576454706;0,7406294762403154;2,678376195177589;1,4110165275481825;2,329078963266169;0,1479404246636692;8,279380305827584e-16;1,9247110391251263e-22;7,395826399441125e-11;7,395826399441125e-11;2,0
136;-0,3821804433516589;0,1525763912378642;0,3181980515339463;0,15909902576697316;2,266837576454706;0,7406294762403154;2,678376195177589;1,4110165275481825;2,329078963266169;0,1479404246636692;1,8794931647915417e-11;4,369265704207623e-18;1,6789185485235312e-06;1,6789185485235312e-06;2,0
137;-0,0881861654110531;-0,1707056557658862;0,3181980515339463;0,15909902576697316;2,266837576454706;0,7406294762403154;2,678376195177589;1,4110165275481825;2,329078963266169;0,1479404246636692;1,35280161934804e-13;3,144863642358338e-20;1,2084341532830199e-08;1,2084341532830199e-08;2,0
138;0,7779807019599082;0,2278028688682019;0,3181980515339463;0,15909902576697316;2,266837576454706;0,7406294762403154;2,678376195177589;1,4110165275481825;2,329078963266169;0,1479404246636692;2,5558703796628977e-08;5,941642674449333e-15;0,002283114548338268;0,002283114548338268;2,0
139;0,5837313397585452;0,7103791606847484;0,3181980515339463;0,15909902576697316;2,266837576454706;0,7406294762403154;2,678376195177589;1,4110165275481825;2,329078963266169;0,1479404246636692;0,00013514357391579873;3,1416883749074e-11;12,072140362700384;12,072140362700384;2,0
140;-0,1069986821545089;-0,0704863969627603;0,3181980515339463;0,15909902576697316;2,266837576454706;0,7406294762403154;2,678376195177589;1,4110165275481825;2,329078963266169;0,1479404246636692;8,92553329164593e-13;2,0749224968465137e-19;7,97302362122219e-08;7,97302362122219e-08;2,0
141;-0,4669820708357443;0,0958949011067292;0,3181980515339463;0,15909902576697316;2,266837576454706;0,7406294762403154;2,678376195177589;1,4110165275481825;2,329078963266169;0,1479404246636692;4,035698505045314e-12;9,38180537228626e-19;3,605019269713996e-07;3,605019269713996e-07;2,0
142;-0,0693210241150698;-0,2647820807013737;0,3181980515339463;0,15909902576697316;2,266837576454706;0,7406294762403154;2,678376195177589;1,4110165275481825;2,329078963266169;0,1479404246636692;2,3154967616926844e-14;5,38284510877156e-21;2,0683929769349056e-09;2,0683929769349056e-09;2,0
143;-0,2426740769718863;0,630549959126791;0,3181980515339463;0,15909902576697316;2,266837576454706;0,7406294762403154;2,678376195177589;1,4110165275481825;2,329078963266169;0,1479404246636692;4,71635047462445e-07;1,0964119882865138e-13;0,04213033833545738;0,04213033833545738;2,0
144;0,0165454328682779;-0,2097024733329304;0,3181980515339463;0,15909902576697316;2,266837576454706;0,7406294762403154;2,678376195177589;1,4110165275481825;2,329078963266169;0,1479404246636692;1,0502868171526937e-13;2,44160620306148e-20;9,382029430168101e-09;9,382029430168101e-09;2,0
145;0,8018558299949551;-0,5698085749374351;0,3181980515339463;0,15909902576697316;2,266837576454706;0,7406294762403154;2,678376195177589;1,4110165275481825;2,329078963266169;0,1479404246636692;4,133409296538049e-15;9,608954062261632e-22;3,692302619981587e-10;3,692302619981587e-10;2,0
146;2,972433329220987;-0,1275502296068443;0,3181980515339463;0,15909902576697316;2,266837576454706;0,7406294762403154;2,678376195177589;1,4110165275481825;2,329078963266169;0,1479404246636692;1,1626539396773466e-06;2,7028265277344355e-13;0,1038578538834299;0,1038578538834299;2,0
147;-0,276980874225068;0,1273696661687804;0,3181980515339463;0,15909902576697316;2,266837576454706;0,7406294762403154;2,678376195177589;1,4110165275481825;2,329078963266169;0,1479404246636692;1,9205192145378528e-11;4,4646391354568694e-18;1,7155664050744505e-06;1,7155664050744505e-06;2,0
148;0,369266551846008;-0,0203008634258299;0,3181980515339463;0,15909902576697316;2,266837576454706;0,7406294762403154;2,678376195177589;1,4110165275481825;2,329078963266169;0,1479404246636692;2,52689722018667e-11;5,874288648154664e-18;2,257233328994033e-06;2,257233328994033e-06;2,0
149;1,7135047807103547;1,322033055096365;0,3181980515339463;0,15909902576697316;2,266837576454706;0,7406294762403154;2,678376195177589;1,4110165275481825;2,329078963266169;0,1479404246636692;6323,369568229486;0,0014699963962124722;564855603,4225934;564855603,4225934;2,0
150;0,673069204053429;-0,1481524867429226;0,3181980515339463;0,15909902576697316;2,266837576454706;0,7406294762403154;2,678376195177589;1,4110165275481825;2,329078963266169;0,1479404246636692;9,064567159467892e-12;2,1072437588642567e-18;8,097220156720209e-07;8,097220156720209e-07;2,0
151;0,3325474650071331;0,1772566775107011;0,3181980515339463;0,15909902576697316;2,266837576454706;0,7406294762403154;2,678376195177589;1,4110165275481825;2,329078963266169;0,1479404246636692;1,043796267169704e-09;2,426517594082543e-16;9,32405047626339e-05;9,32405047626339e-05;2,0
152;-0,3297928683615959;-0,2076539094512779;0,3181980515339463;0,15909902576697316;2,266837576454706;0,7406294762403154;2,678376195177589;1,4110165275481825;2,329078963266169;0,1479404246636692;1,9774363633343242e-14;4,5969546718346504e-21;1,7664095039660026e-09;1,7664095039660026e-09;2,0
153;0,8943707492925123;-0,0188850230812403;0,3181980515339463;0,15909902576697316;2,266837576454706;0,7406294762403154;2,678376195177589;1,4110165275481825;2,329078963266169;0,1479404246636692;3,47460716468061e-10;8,077433961786712e-17;3,103806136087777e-05;3,103806136087777e-05;2,0
154;-0,5869633182757661;-0,0314736969630479;0,3181980515339463;0,15909902576697316;2,266837576454706;0,7406294762403154;2,678376195177589;1,4110165275481825;2,329078963266169;0,1479404246636692;1,8028010226236063e-13;4,190979157156658e-20;1,6104107920582142e-08;1,6104107920582142e-08;2,0
155;-0,1654233718263602;0,2144194400415467;0,3181980515339463;0,15909902576697316;2,266837576454706;0,7406294762403154;2,678376195177589;1,4110165275481825;2,329078963266169;0,1479404246636692;1,8596967434343953e-10;4,323244879805552e-17;1,661234749702913e-05;1,661234749702913e-05;2,0
156;-0,2747211545926116;-0,330600188208496;0,3181980515339463;0,15909902576697316;2,266837576454706;0,7406294762403154;2,678376195177589;1,4110165275481825;2,329078963266169;0,1479404246636692;2,2882262264726522e-15;5,31944918028168e-22;2,044032682219945e-10;2,044032682219945e-10;2,0
157;1,4379830032292755;-0,6686423787684673;0,3181980515339463;0,15909902576697316;2,266837576454706;0,7406294762403154;2,678376195177589;1,4110165275481825;2,329078963266169;0,1479404246636692;1,357457625747827e-14;3,1556874801153953e-21;1,2125932828042605e-09;1,2125932828042605e-09;2,0
158;1,232646284750168;-0,2830361952013753;0,3181980515339463;0,15909902576697316;2,266837576454706;0,7406294762403154;2,678376195177589;1,4110165275481825;2,329078963266169;0,1479404246636692;1,00076235055484e-11;2,3264764662373613e-18;8,939635985305008e-07;8,939635985305008e-07;2,0
159;-0,1217560038605911;0,3993114798944229;0,3181980515339463;0,15909902576697316;2,266837576454706;0,7406294762403154;2,678376195177589;1,4110165275481825;2,329078963266169;0,1479404246636692;8,896501460230701e-09;2,0681734547265737e-15;0,0007947089991255475;0,0007947089991255475;2,0
160;-0,144109030868476;0,5193816304129464;0,3181980515339463;0,15909902576697316;2,266837576454706;0,7406294762403154;2,678376195177589;1,4110165275481825;2,329078963266169;0,1479404246636692;8,53729107522036e-08;1,984667664696488e-14;0,00762621360313465;0,00762621360313465;2,0
161;0,1739333983268145;-0,2285640426762647;0,3181980515339463;0,15909902576697316;2,266837576454706;0,7406294762403154;2,678376195177589;1,4110165275481825;2,329078963266169;0,1479404246636692;1,5741470933918054e-13;3,6594264014244326e-20;1,4061582147296746e-08;1,4061582147296746e-08;2,0
162;-0,0188992627935455;-0,0407575809106611;0,3181980515339463;0,15909902576697316;2,266837576454706;0,7406294762403154;2,678376195177589;1,4110165275481825;2,329078963266169;0,1479404246636692;2,4809107213776947e-12;5,76738364000321e-19;2,2161543895871918e-07;2,2161543895871918e-07;2,0
163;-0,8700446869462952;0,1797217662025256;0,3181980515339463;0,15909902576697316;2,266837576454706;0,7406294762403154;2,678376195177589;1,4110165275481825;2,329078963266169;0,1479404246636692;2,888063004220998e-12;6,713892272831596e-19;2,5798564410469727e-07;2,5798564410469727e-07;2,0
164;-0,8843646548806017;-0,051352443860261;0,3181980515339463;0,15909902576697316;2,266837576454706;0,7406294762403154;2,678376195177589;1,4110165275481825;2,329078963266169;0,1479404246636692;2,8027791846695323e-14;6,515632617052862e-21;2,5036738886354184e-09;2,5036738886354184e-09;2,0
165;0,0237832819977427;0,3648663519979254;0,3181980515339463;0,15909902576697316;2,266837576454706;0,7406294762403154;2,678376195177589;1,4110165275481825;2,329078963266169;0,1479404246636692;9,243984723066292e-09;2,1489530357080525e-15;0,000825749074514218;0,000825749074514218;2,0
166;0,3070823006663951;-0,3212679783477579;0,3181980515339463;0,15909902576697316;2,266837576454706;0,7406294762403154;2,678376195177589;1,4110165275481825;2,329078963266169;0,1479404246636692;4,8677668592652604e-14;1,1316118192228301e-20;4,348291455912266e-09;4,348291455912266e-09;2,0
167;2,2691564689158192;-0,0084779487812161;0,3181980515339463;0,15909902576697316;2,266837576454706;0,7406294762403154;2,678376195177589;1,4110165275481825;2,329078963266169;0,1479404246636692;3,7899895719452627e-07;8,810604776975461e-14;0,033855317541180804;0,033855317541180804;2,0
168;-0,0792671193137476;-0,2540297862996548;0,3181980515339463;0,15909902576697316;2,266837576454706;0,7406294762403154;2,678376195177589;1,4110165275481825;2,329078963266169;0,1479404246636692;2,7261728234012558e-14;6,337545485221879e-21;2,435242758755526e-09;2,435242758755526e-09;2,0
169;-0,6676359402186827;-0,0140441216521404;0,3181980515339463;0,15909902576697316;2,266837576454706;0,7406294762403154;2,678376195177589;1,4110165275481825;2,329078963266169;0,1479404246636692;1,7078686134797372e-13;3,9702893843709905e-20;1,5256093224102343e-08;1,5256093224102343e-08;2,0
170;-0,1929182520404371;-0,2236884524455937;0,3181980515339463;0,15909902576697316;2,266837576454706;0,7406294762403154;2,678376195177589;1,4110165275481825;2,329078963266169;0,1479404246636692;2,8320294011160422e-14;6,5836307188573776e-21;2,5298025981515397e-09;2,5298025981515397e-09;2,0
171;-0,4491129044731622;-0,4769511369874648;0,3181980515339463;0,15909902576697316;2,266837576454706;0,7406294762403154;2,678376195177589;1,4110165275481825;2,329078963266169;0,1479404246636692;5,370227992964575e-17;1,248419171348159e-23;4,797131245852941e-12;4,797131245852941e-12;2,0
172;0,2455461721882941;0,6624264491916391;0,3181980515339463;0,15909902576697316;2,266837576454706;0,7406294762403154;2,678376195177589;1,4110165275481825;2,329078963266169;0,1479404246636692;9,865792387795882e-06;2,293504926345946e-12;0,8812940715104897;0,8812940715104897;2,0
173;-0,2220799408457112;-0,2751326930075167;0,3181980515339463;0,15909902576697316;2,266837576454706;0,7406294762403154;2,678376195177589;1,4110165275481825;2,329078963266169;0,1479404246636692;8,8763264302571e-15;2,0634833569812853e-21;7,929067987944059e-10;7,929067987944059e-10;2,0
174;-0,2797980064248113;-0,1101308334455451;0,3181980515339463;0,15909902576697316;2,266837576454706;0,7406294762403154;2,678376195177589;1,4110165275481825;2,329078963266169;0,1479404246636692;1,7375674227120745e-13;4,039330331720777e-20;1,5521387520582338e-08;1,5521387520582338e-08;2,0
175;0,7855250581967633;-0,3062734237174817;0,3181980515339463;0,15909902576697316;2,266837576454706;0,7406294762403154;2,678376195177589;1,4110165275481825;2,329078963266169;0,1479404246636692;6,951234057282377e-13;1,6159563193608425e-19;6,209416459992398e-08;6,209416459992398e-08;2,0
176;-0,1836565980079314;0,0747765319717006;0,3181980515339463;0,15909902576697316;2,266837576454706;0,7406294762403154;2,678376195177589;1,4110165275481825;2,329078963266169;0,1479404246636692;1,077430965858036e-11;2,50470832028641e-18;9,624503388568062e-07;9,624503388568062e-07;2,0
