,No,Kecamatan,Kelurahan,Kode Kel,J_Penduduk,J_P_DBD,J_M_DBD,IR_DBD,CFR_DBD,J_P_DD,J_M_DD,IR_DD,CFR_DD,J_P_N,J_M_Non,IR_Non,CFR_Non,2017,2018,2019,2020,ABJ,Strata_E,Kelas_Endemis,Tnh_pek_bang_hlmn,Tanah Sawah,Tanah Kering,J_RT,J_RW,J_Pdd_Lk,J_Pdd_Pr,J_Kep_Kel,J_KBPaud,J_SD,J_MI,J_SMP,J_MTS,J_SMA,J_MA,J_SMK,J_Siswa,J_PT,J_Dosen,J_Mhs,Mini_Market,Toko Kelontong,Resto_RM,WM_Kedai,BPR,KUD,IRT,Total_T_Ibadah,kop_total,pasar_total,instansi_kesehatan,toko_obat
0,1.0,Ngaliyan,Bambankerep,33.74.15.1006,5894.0,3.0,0.0,50.7,0.0,13.0,0.0,219.7,0.0,1.0,0.0,16.9,0.0,0.0,0.0,1.0,3.0,95.19,2.0,Sporadis,19.94,0.0,61.33,34.0,5.0,2976.0,3054.0,1863.0,2.0,0.0,1.0,0.0,0.0,1.0,0.0,0.0,1067.0,0.0,0.0,0.0,2.0,99.0,0.0,36.0,0.0,0.0,0.0,20.0,0.0,0.0,0.0,1.0
1,2.0,Semarang Utara,Bandarharjo,33.74.02.1001,20538.0,8.0,0.0,38.8,0.0,54.0,0.0,261.8,0.0,0.0,0.0,0.0,0.0,3.0,0.0,0.0,8.0,92.82,2.0,Sporadis,238.83,0.0,342.68,103.0,12.0,10650.0,10721.0,6801.0,14.0,5.0,2.0,1.0,0.0,0.0,0.0,0.0,1251.0,0.0,0.0,0.0,1.0,103.0,5.0,34.0,0.0,0.0,0.0,51.0,1.0,1.0,3.0,0.0
2,3.0,Genuk,Bangetayu Kulon,33.74.05.1010,16701.0,0.0,0.0,0.0,0.0,16.0,0.0,94.4,0.0,0.0,0.0,0.0,0.0,6.0,3.0,3.0,0.0,97.55,2.0,Sporadis,100.0,79.0,105.51,94.0,11.0,8732.0,8522.0,5020.0,8.0,1.0,0.0,1.0,0.0,0.0,1.0,1.0,810.0,0.0,0.0,0.0,2.0,99.0,1.0,53.0,0.0,2.0,0.0,57.0,0.0,1.0,0.0,1.0
3,4.0,Genuk,Bangetayu Wetan,33.74.05.1011,13544.0,3.0,0.0,21.8,0.0,15.0,0.0,108.9,0.0,0.0,0.0,0.0,0.0,3.0,2.0,0.0,3.0,97.92,2.0,Sporadis,61.3,0.0,62.3,78.0,9.0,7015.0,6939.0,4144.0,13.0,2.0,3.0,2.0,1.0,1.0,0.0,0.0,1137.0,0.0,0.0,0.0,1.0,15.0,0.0,20.0,0.0,0.0,0.0,60.0,0.0,0.0,1.0,1.0
4,5.0,Semarang Tengah,Bangunharjo,33.74.01.1009,2464.0,0.0,0.0,0.0,0.0,1.0,0.0,40.9,0.0,0.0,0.0,0.0,0.0,0.0,0.0,1.0,0.0,97.76,2.0,Sporadis,22.78,0.0,25.1,24.0,4.0,1188.0,1291.0,879.0,4.0,3.0,0.0,2.0,0.0,0.0,0.0,0.0,1743.0,0.0,0.0,0.0,2.0,18.0,6.0,10.0,2.0,0.0,0.0,11.0,0.0,0.0,1.0,10.0
5,6.0,Genuk,Banjardowo,33.74.05.1005,10141.0,5.0,0.0,48.7,0.0,5.0,0.0,48.7,0.0,0.0,0.0,0.0,0.0,3.0,0.0,1.0,5.0,96.28,2.0,Sporadis,87.07,123.51,88.57,54.0,8.0,5113.0,5196.0,3070.0,2.0,1.0,1.0,0.0,1.0,0.0,0.0,1.0,1076.0,0.0,0.0,0.0,3.0,79.0,4.0,30.0,0.0,0.0,0.0,34.0,1.0,1.0,2.0,3.0
6,7.0,Banyumanik,Banyumanik,33.74.11.1005,11584.0,4.0,0.0,34.4,0.0,33.0,0.0,283.5,0.0,1.0,0.0,8.59,0.0,3.0,1.0,6.0,4.0,92.01,1.0,Endemis,193.5,2.3,361.95,53.0,10.0,5829.0,5963.0,3732.0,13.0,4.0,0.0,0.0,0.0,1.0,0.0,0.0,747.0,0.0,0.0,0.0,5.0,34.0,2.0,52.0,0.0,0.0,0.0,46.0,2.0,1.0,1.0,5.0
7,8.0,Semarang Selatan,Barusari,33.74.07.1003,6469.0,1.0,0.0,16.0,0.0,5.0,0.0,80.1,0.0,0.0,0.0,0.0,0.0,0.0,0.0,0.0,1.0,96.92,2.0,Sporadis,25.52,0.0,39.52,47.0,7.0,2975.0,3176.0,2072.0,3.0,2.0,0.0,1.0,0.0,0.0,1.0,0.0,1209.0,2.0,25.0,764.0,2.0,54.0,3.0,89.0,0.0,0.0,0.0,26.0,0.0,1.0,4.0,5.0
8,9.0,Gajahmungkur,Bendan Duwur,33.74.09.1002,4048.0,3.0,0.0,73.1,0.0,14.0,0.0,341.2,0.0,0.0,0.0,0.0,0.0,1.0,0.0,4.0,3.0,92.13,2.0,Sporadis,14.1,0.0,16.1,7.0,28.0,2013.0,2084.0,1283.0,5.0,0.0,0.0,0.0,0.0,0.0,0.0,0.0,234.0,5.0,443.0,15382.0,2.0,57.0,11.0,49.0,0.0,0.0,0.0,32.0,0.0,1.0,0.0,1.0
9,10.0,Gajahmungkur,Bendan Ngisor,33.74.09.1003,5990.0,0.0,0.0,0.0,0.0,25.0,0.0,415.7,0.0,3.0,0.0,49.88,0.0,1.0,0.0,0.0,0.0,93.12,3.0,Potensial,52.9,0.0,59.34,5.0,30.0,2870.0,3072.0,1984.0,4.0,2.0,0.0,0.0,0.0,0.0,0.0,1.0,542.0,4.0,245.0,9165.0,5.0,99.0,7.0,32.0,2.0,0.0,0.0,22.0,3.0,0.0,2.0,2.0
10,11.0,Gajahmungkur,Bendungan,33.74.09.1008,4209.0,0.0,0.0,0.0,0.0,2.0,0.0,47.5,0.0,0.0,0.0,0.0,0.0,1.0,0.0,0.0,0.0,93.68,3.0,Potensial,35.24,0.0,38.04,5.0,29.0,2005.0,2146.0,1399.0,2.0,1.0,0.0,0.0,0.0,0.0,0.0,0.0,407.0,0.0,0.0,0.0,3.0,16.0,2.0,4.0,1.0,0.0,0.0,23.0,0.0,0.0,0.0,0.0
11,12.0,Ngaliyan,Beringin,33.74.15.1003,16651.0,3.0,0.0,17.8,0.0,29.0,0.0,172.0,0.0,1.0,0.0,5.93,0.0,2.0,2.0,3.0,3.0,98.44,1.0,Endemis,72.92,0.0,93.05,146.0,22.0,8476.0,8603.0,5002.0,17.0,2.0,0.0,0.0,1.0,0.0,0.0,0.0,400.0,0.0,0.0,0.0,4.0,170.0,0.0,34.0,0.0,0.0,0.0,51.0,0.0,0.0,2.0,4.0
12,13.0,Semarang Barat,Bojong Salaman,33.74.13.1009,8887.0,1.0,0.0,11.3,0.0,21.0,0.0,237.2,0.0,2.0,0.0,22.59,0.0,2.0,0.0,2.0,1.0,89.91,2.0,Sporadis,43.8,0.0,50.0,58.0,9.0,4202.0,4432.0,2841.0,7.0,3.0,1.0,1.0,0.0,0.0,0.0,0.0,1453.0,1.0,39.0,227.0,3.0,116.0,0.0,130.0,0.0,0.0,0.0,20.0,5.0,1.0,5.0,2.0
13,14.0,Semarang Barat,Bongsari,33.74.13.1008,13270.0,5.0,0.0,37.7,0.0,16.0,0.0,120.8,0.0,0.0,0.0,0.0,0.0,9.0,0.0,2.0,5.0,94.29,2.0,Sporadis,55.8,0.0,79.7,63.0,8.0,6448.0,6652.0,4229.0,6.0,0.0,1.0,0.0,0.0,0.0,0.0,0.0,362.0,0.0,44.0,394.0,2.0,194.0,0.0,114.0,0.0,0.0,0.0,40.0,3.0,0.0,0.0,2.0
14,15.0,Semarang Tengah,Brumbungan,33.74.01.1002,3987.0,0.0,0.0,0.0,0.0,5.0,0.0,125.5,0.0,2.0,0.0,50.2,0.0,0.0,1.0,0.0,0.0,91.69,2.0,Sporadis,25.62,0.0,30.39,35.0,5.0,1939.0,2199.0,1492.0,7.0,1.0,0.0,1.0,0.0,1.0,0.0,0.0,1955.0,1.0,32.0,3770.0,3.0,70.0,7.0,40.0,0.0,0.0,0.0,5.0,0.0,1.0,0.0,4.0
15,16.0,Mijen,Bubakan,33.74.14.1002,2651.0,1.0,1.0,36.8,36.8,4.0,0.0,147.3,0.0,1.0,0.0,36.83,0.0,0.0,0.0,0.0,1.0,94.94,2.0,Sporadis,97.42,61.02,241.28,18.0,5.0,1434.0,1384.0,908.0,5.0,1.0,0.0,1.0,0.0,0.0,0.0,0.0,864.0,0.0,0.0,0.0,1.0,21.0,4.0,13.0,0.0,0.0,0.0,18.0,0.0,0.0,0.0,2.0
16,17.0,Semarang Timur,Bugangan,33.74.03.1006,8360.0,0.0,0.0,0.0,0.0,3.0,0.0,36.3,0.0,0.0,0.0,0.0,0.0,2.0,1.0,2.0,0.0,95.4,2.0,Sporadis,53.8,0.0,67.8,68.0,7.0,3866.0,4239.0,2855.0,7.0,5.0,0.0,2.0,0.0,0.0,0.0,1.0,1538.0,0.0,0.0,0.0,4.0,0.0,3.0,47.0,0.0,0.0,0.0,14.0,1.0,4.0,2.0,14.0
17,18.0,Semarang Utara,Bulu Lor,33.74.02.1002,15037.0,0.0,0.0,0.0,0.0,4.0,0.0,26.6,0.0,1.0,0.0,6.66,0.0,2.0,0.0,1.0,0.0,98.6,2.0,Sporadis,50.0,0.0,60.0,79.0,11.0,7696.0,8036.0,5094.0,11.0,3.0,1.0,1.0,0.0,0.0,0.0,1.0,1036.0,0.0,0.0,0.0,2.0,81.0,6.0,44.0,0.0,0.0,0.0,44.0,0.0,1.0,2.0,1.0
18,19.0,Tembalang,Bulusan,33.74.10.1004,5852.0,0.0,0.0,0.0,0.0,19.0,0.0,319.5,0.0,2.0,0.0,33.64,0.0,4.0,0.0,1.0,0.0,96.91,2.0,Sporadis,120.28,49.0,254.95,42.0,7.0,2999.0,2988.0,1851.0,8.0,3.0,0.0,1.0,2.0,0.0,2.0,1.0,1162.0,0.0,0.0,0.0,5.0,50.0,2.0,128.0,0.0,0.0,0.0,16.0,0.0,0.0,1.0,2.0
19,20.0,Semarang Selatan,Bulustalan,33.74.07.1002,4707.0,0.0,0.0,0.0,0.0,3.0,0.0,64.7,0.0,1.0,0.0,21.57,0.0,0.0,0.0,0.0,0.0,95.36,4.0,Bebas,23.03,0.0,26.08,31.0,4.0,2226.0,2326.0,1554.0,4.0,1.0,1.0,0.0,0.0,0.0,0.0,0.0,344.0,0.0,0.0,0.0,2.0,5.0,0.0,5.0,1.0,0.0,0.0,17.0,0.0,0.0,0.0,5.0
20,21.0,Semarang Barat,Cabean,33.74.13.1011,2858.0,0.0,0.0,0.0,0.0,3.0,0.0,105.7,0.0,0.0,0.0,0.0,0.0,0.0,0.0,0.0,0.0,90.16,3.0,Potensial,20.4,0.0,27.5,25.0,3.0,1338.0,1498.0,960.0,2.0,2.0,0.0,0.0,0.0,0.0,0.0,0.0,73.0,1.0,34.0,1360.0,3.0,26.0,1.0,41.0,1.0,0.0,0.0,8.0,1.0,0.0,1.0,2.0
21,22.0,Candisari,Candi,33.74.08.1001,11879.0,2.0,0.0,16.9,0.0,15.0,0.0,126.7,0.0,2.0,0.0,16.9,0.0,0.0,1.0,3.0,2.0,95.97,1.0,Endemis,50.28,0.0,59.42,68.0,11.0,5660.0,5935.0,3910.0,9.0,3.0,0.0,1.0,0.0,0.0,0.0,1.0,974.0,1.0,17.0,518.0,6.0,98.0,5.0,44.0,1.0,0.0,0.0,55.0,3.0,1.0,2.0,2.0
22,23.0,Mijen,Cangkiran,33.74.14.1001,4466.0,0.0,0.0,0.0,0.0,7.0,0.0,153.3,0.0,0.0,0.0,0.0,0.0,0.0,0.0,0.0,0.0,98.38,4.0,Bebas,9.34,110.82,31.74,40.0,8.0,2284.0,2352.0,1447.0,8.0,2.0,0.0,1.0,0.0,0.0,0.0,0.0,347.0,0.0,0.0,0.0,5.0,6.0,0.0,29.0,0.0,0.0,0.0,12.0,0.0,0.0,1.0,4.0
23,24.0,Gunungpati,Cepoko,33.74.12.1012,3180.0,0.0,0.0,0.0,0.0,1.0,0.0,31.2,0.0,0.0,0.0,0.0,0.0,0.0,0.0,0.0,0.0,89.51,3.0,Potensial,42.46,138.69,181.25,17.0,3.0,1639.0,1589.0,1066.0,4.0,1.0,1.0,2.0,0.0,0.0,0.0,1.0,1225.0,0.0,0.0,0.0,2.0,10.0,0.0,7.0,0.0,0.0,0.0,22.0,0.0,0.0,0.0,0.0
24,25.0,Semarang Utara,Dadapsari,33.74.02.1009,8817.0,2.0,0.0,22.7,0.0,4.0,0.0,45.3,0.0,1.0,0.0,11.33,0.0,1.0,0.0,2.0,2.0,91.46,2.0,Sporadis,36.38,0.0,46.89,70.0,10.0,4466.0,4662.0,3014.0,5.0,3.0,0.0,1.0,0.0,0.0,0.0,0.0,1294.0,1.0,67.0,1104.0,4.0,0.0,0.0,25.0,0.0,0.0,0.0,38.0,0.0,1.0,0.0,3.0
25,26.0,Semarang Tengah,Gabahan,33.74.01.1005,7595.0,0.0,0.0,0.0,0.0,5.0,0.0,66.0,0.0,0.0,0.0,0.0,0.0,1.0,0.0,0.0,0.0,94.74,3.0,Potensial,15.14,0.0,20.52,45.0,6.0,3859.0,4128.0,2870.0,2.0,4.0,0.0,1.0,0.0,1.0,0.0,1.0,757.0,0.0,0.0,0.0,0.0,5.0,4.0,18.0,1.0,0.0,0.0,13.0,0.0,0.0,0.0,3.0
26,27.0,Gajahmungkur,Gajahmungkur,33.74.09.1005,15910.0,4.0,0.0,25.1,0.0,40.0,0.0,251.2,0.0,0.0,0.0,0.0,0.0,2.0,5.0,8.0,4.0,94.57,1.0,Endemis,222.6,0.0,255.64,10.0,89.0,7930.0,7907.0,5092.0,13.0,6.0,0.0,0.0,0.0,1.0,0.0,0.0,1389.0,2.0,53.0,1405.0,6.0,70.0,14.0,152.0,0.0,0.0,0.0,46.0,1.0,2.0,1.0,5.0
27,28.0,Gayamsari,Gayamsari,33.74.04.1007,12513.0,1.0,0.0,8.0,0.0,24.0,0.0,191.2,0.0,1.0,0.0,7.97,0.0,2.0,0.0,3.0,1.0,93.93,2.0,Sporadis,85.5,0.0,92.94,67.0,9.0,6161.0,6224.0,3863.0,9.0,2.0,0.0,4.0,0.0,1.0,0.0,4.0,4458.0,1.0,16.0,340.0,2.0,23.0,3.0,5.0,6.0,0.0,0.0,44.0,3.0,1.0,4.0,7.0
28,29.0,Genuk,Gebangsari,33.74.05.1006,5728.0,0.0,0.0,0.0,0.0,6.0,0.0,105.9,0.0,0.0,0.0,0.0,0.0,0.0,0.0,1.0,0.0,97.87,2.0,Sporadis,87.72,45.58,98.61,57.0,11.0,2676.0,2810.0,1879.0,13.0,4.0,1.0,1.0,0.0,1.0,0.0,0.0,2911.0,0.0,0.0,0.0,6.0,157.0,7.0,44.0,0.0,0.0,0.0,18.0,2.0,1.0,2.0,3.0
29,30.0,Banyumanik,Gedawang,33.74.11.1002,9182.0,1.0,0.0,10.7,0.0,28.0,0.0,298.8,0.0,1.0,0.0,10.67,0.0,2.0,2.0,4.0,1.0,94.9,1.0,Endemis,155.9,27.5,242.7,63.0,10.0,4788.0,4810.0,2828.0,7.0,5.0,0.0,0.0,1.0,0.0,1.0,0.0,453.0,0.0,0.0,0.0,1.0,45.0,1.0,12.0,0.0,0.0,0.0,54.0,1.0,1.0,0.0,2.0
30,31.0,Pedurungan,Gemah,33.74.06.1007,15977.0,4.0,0.0,25.0,0.0,27.0,0.0,168.6,0.0,0.0,0.0,0.0,0.0,4.0,2.0,7.0,4.0,91.51,1.0,Endemis,95.32,100.8,100.8,12.0,1.0,7928.0,7933.0,4892.0,16.0,2.0,0.0,2.0,0.0,2.0,0.0,0.0,2832.0,0.0,0.0,0.0,4.0,141.0,6.0,84.0,1.0,0.0,0.0,72.0,1.0,0.0,5.0,6.0
31,32.0,Genuk,Genuksari,33.74.05.1004,16571.0,1.0,0.0,6.0,0.0,11.0,0.0,65.9,0.0,1.0,0.0,5.99,0.0,4.0,0.0,0.0,1.0,96.43,2.0,Sporadis,102.7,0.0,244.5,78.0,11.0,8350.0,8334.0,4999.0,12.0,3.0,3.0,0.0,0.0,0.0,0.0,1.0,2261.0,0.0,0.0,0.0,5.0,99.0,4.0,32.0,1.0,0.0,0.0,52.0,1.0,1.0,4.0,2.0
32,33.0,Semarang Barat,Gisikdrono,33.74.13.1007,19782.0,3.0,0.0,15.2,0.0,16.0,0.0,80.8,0.0,0.0,0.0,0.0,0.0,6.0,0.0,0.0,3.0,94.33,2.0,Sporadis,104.1,0.0,114.25,105.0,13.0,9803.0,9769.0,6067.0,13.0,6.0,1.0,4.0,0.0,2.0,0.0,2.0,5854.0,1.0,49.0,1944.0,7.0,63.0,1.0,78.0,0.0,0.0,0.0,51.0,2.0,1.0,1.0,3.0
33,34.0,Ngaliyan,Gondoriyo,33.74.15.1001,7234.0,0.0,0.0,0.0,0.0,10.0,0.0,136.2,0.0,1.0,0.0,13.62,0.0,3.0,1.0,1.0,0.0,98.86,2.0,Sporadis,34.8,17.0,78.66,65.0,12.0,3712.0,3733.0,2201.0,5.0,1.0,0.0,0.0,0.0,0.0,0.0,0.0,46.0,0.0,0.0,0.0,0.0,170.0,0.0,34.0,0.0,0.0,0.0,20.0,0.0,0.0,0.0,1.0
34,35.0,Gunungpati,Gunungpati,33.74.12.1004,7309.0,0.0,0.0,0.0,0.0,15.0,0.0,204.1,0.0,0.0,0.0,0.0,0.0,0.0,0.0,0.0,0.0,91.17,3.0,Potensial,41.06,170.3,234.96,44.0,10.0,3654.0,3723.0,2403.0,18.0,3.0,2.0,1.0,1.0,0.0,0.0,1.0,827.0,0.0,0.0,0.0,4.0,94.0,2.0,0.0,1.0,1.0,0.0,60.0,0.0,1.0,3.0,4.0
35,36.0,Banyumanik,Jabungan,33.74.11.1003,3794.0,0.0,0.0,0.0,0.0,8.0,0.0,205.6,0.0,0.0,0.0,0.0,0.0,0.0,0.0,1.0,0.0,90.4,2.0,Sporadis,45.47,52.25,174.23,29.0,6.0,2039.0,1931.0,1254.0,3.0,1.0,1.0,0.0,0.0,0.0,0.0,0.0,162.0,0.0,0.0,0.0,2.0,12.0,2.0,12.0,0.0,0.0,0.0,35.0,0.0,0.0,0.0,0.0
36,37.0,Semarang Tengah,Jagalan,33.74.01.1003,5719.0,0.0,0.0,0.0,0.0,9.0,0.0,158.2,0.0,2.0,0.0,35.16,0.0,0.0,1.0,1.0,0.0,93.47,2.0,Sporadis,22.81,0.0,27.03,40.0,8.0,2794.0,3017.0,2061.0,4.0,2.0,0.0,1.0,0.0,1.0,0.0,1.0,1113.0,0.0,0.0,0.0,2.0,34.0,6.0,12.0,1.0,0.0,0.0,31.0,1.0,0.0,1.0,2.0
37,38.0,Tembalang,Jangli,33.74.10.1007,7521.0,0.0,0.0,0.0,0.0,7.0,0.0,92.0,0.0,0.0,0.0,0.0,0.0,2.0,3.0,5.0,0.0,93.4,2.0,Sporadis,145.0,0.0,207.5,51.0,5.0,3802.0,3889.0,2357.0,4.0,3.0,0.0,2.0,0.0,1.0,0.0,0.0,926.0,0.0,0.0,0.0,0.0,24.0,0.0,19.0,0.0,0.0,0.0,27.0,0.0,0.0,0.0,0.0
38,39.0,Mijen,Jatibarang,33.74.14.1009,3312.0,1.0,0.0,29.7,0.0,5.0,0.0,148.6,0.0,0.0,0.0,0.0,0.0,2.0,0.0,1.0,1.0,94.21,2.0,Sporadis,73.67,78.17,152.79,17.0,4.0,1684.0,1699.0,1093.0,1.0,3.0,1.0,0.0,0.0,0.0,0.0,0.0,425.0,1.0,20.0,273.0,1.0,11.0,2.0,7.0,0.0,0.0,0.0,24.0,1.0,0.0,0.0,1.0
39,40.0,Candisari,Jatingaleh,33.74.08.1002,11938.0,4.0,0.0,33.6,0.0,18.0,0.0,151.3,0.0,3.0,0.0,25.22,0.0,1.0,0.0,1.0,4.0,80.58,2.0,Sporadis,166.9,0.0,172.15,58.0,10.0,5876.0,5779.0,4003.0,11.0,5.0,0.0,4.0,0.0,2.0,0.0,3.0,2763.0,0.0,0.0,0.0,3.0,32.0,1.0,44.0,0.0,0.0,0.0,41.0,1.0,0.0,2.0,0.0
40,41.0,Gunungpati,Jatirejo,33.74.12.1013,2122.0,0.0,0.0,0.0,0.0,15.0,0.0,696.1,0.0,0.0,0.0,0.0,0.0,0.0,0.0,0.0,0.0,92.0,3.0,Potensial,24.42,70.5,163.48,14.0,4.0,1060.0,1107.0,698.0,3.0,2.0,0.0,1.0,0.0,0.0,0.0,0.0,241.0,0.0,0.0,0.0,0.0,0.0,0.0,8.0,0.0,0.0,0.0,15.0,0.0,0.0,0.0,0.0
41,42.0,Mijen,Jatisari,33.74.14.1013,11510.0,14.0,0.0,119.3,0.0,58.0,0.0,494.1,0.0,3.0,0.0,25.56,0.0,7.0,0.0,4.0,14.0,98.9,2.0,Sporadis,40.55,4.71,197.5,109.0,13.0,5864.0,5912.0,3455.0,19.0,3.0,0.0,1.0,0.0,1.0,0.0,0.0,1744.0,0.0,0.0,0.0,4.0,168.0,3.0,74.0,4.0,0.0,0.0,40.0,0.0,1.0,1.0,7.0
42,43.0,TUGU,Jerakah,33.74.16.1001,2918.0,2.0,0.0,68.0,0.0,4.0,0.0,136.0,0.0,0.0,0.0,0.0,0.0,0.0,0.0,0.0,2.0,95.88,2.0,Sporadis,84.41,75.9,217.15,18.0,4.0,1405.0,1493.0,951.0,3.0,0.0,1.0,1.0,0.0,1.0,0.0,0.0,1198.0,0.0,0.0,0.0,1.0,25.0,1.0,26.0,1.0,0.0,0.0,12.0,0.0,0.0,2.0,0.0
43,44.0,Candisari,Jomblang,33.74.08.1004,20365.0,2.0,1.0,9.8,4.9,14.0,0.0,68.8,0.0,1.0,0.0,4.91,0.0,10.0,2.0,11.0,2.0,89.64,1.0,Endemis,75.85,0.0,91.06,120.0,15.0,9929.0,10272.0,6579.0,13.0,7.0,0.0,3.0,0.0,1.0,0.0,1.0,3663.0,1.0,11.0,768.0,4.0,63.0,2.0,35.0,0.0,0.0,0.0,74.0,2.0,0.0,4.0,1.0
44,45.0,Semarang Barat,Kalibanteng Kidul,33.74.13.1006,5531.0,1.0,0.0,18.2,0.0,21.0,0.0,381.4,0.0,3.0,0.0,54.49,0.0,0.0,0.0,1.0,1.0,93.63,2.0,Sporadis,69.3,0.0,93.15,37.0,5.0,2671.0,2712.0,1726.0,5.0,3.0,0.0,1.0,0.0,1.0,0.0,1.0,1991.0,0.0,0.0,0.0,7.0,42.0,1.0,32.0,0.0,0.0,0.0,17.0,1.0,0.0,3.0,4.0
45,46.0,Semarang Barat,Kalibanteng Kulon,33.74.13.1005,6941.0,2.0,0.0,28.9,0.0,10.0,0.0,144.7,0.0,1.0,0.0,14.47,0.0,0.0,0.0,0.0,2.0,94.95,2.0,Sporadis,131.0,2.0,199.0,48.0,6.0,3364.0,3413.0,2263.0,2.0,2.0,0.0,1.0,0.0,1.0,0.0,1.0,1513.0,0.0,0.0,0.0,6.0,8.0,0.0,42.0,0.0,0.0,0.0,32.0,1.0,1.0,5.0,5.0
46,47.0,Pedurungan,Kalicari,33.74.06.1012,9533.0,2.0,0.0,20.9,0.0,8.0,0.0,83.4,0.0,3.0,0.0,31.29,0.0,4.0,0.0,4.0,2.0,94.75,2.0,Sporadis,62.0,80.0,80.0,9.0,1.0,4733.0,4776.0,2999.0,8.0,9.0,1.0,3.0,1.0,2.0,0.0,1.0,3493.0,0.0,0.0,0.0,6.0,250.0,3.0,55.0,1.0,0.0,0.0,42.0,0.0,0.0,1.0,10.0
47,48.0,Gayamsari,Kaligawe,33.74.04.1002,10596.0,1.0,0.0,9.4,0.0,1.0,0.0,9.4,0.0,1.0,0.0,9.43,0.0,0.0,0.0,0.0,1.0,94.74,2.0,Sporadis,54.0,0.0,66.4,76.0,10.0,5307.0,5255.0,3296.0,11.0,2.0,0.0,1.0,0.0,0.0,0.0,1.0,689.0,0.0,0.0,0.0,1.0,50.0,1.0,13.0,0.0,0.0,0.0,41.0,0.0,1.0,0.0,1.0
48,49.0,Ngaliyan,Kalipancur,33.74.15.1005,19844.0,3.0,0.0,15.0,0.0,59.0,0.0,295.5,0.0,5.0,0.0,25.04,0.0,0.0,0.0,3.0,3.0,97.96,2.0,Sporadis,14.61,6.29,14.61,131.0,13.0,10029.0,10134.0,6190.0,13.0,5.0,0.0,1.0,0.0,0.0,0.0,1.0,2475.0,0.0,0.0,0.0,7.0,80.0,0.0,1.0,0.0,0.0,0.0,38.0,2.0,0.0,2.0,6.0
49,50.0,Gunungpati,Kalisegoro,33.74.12.1015,3404.0,1.0,0.0,28.9,0.0,8.0,0.0,231.3,0.0,0.0,0.0,0.0,0.0,1.0,0.0,0.0,1.0,93.69,2.0,Sporadis,98.25,83.73,205.63,24.0,4.0,1734.0,1731.0,1067.0,5.0,2.0,0.0,0.0,0.0,0.0,0.0,0.0,442.0,0.0,0.0,0.0,1.0,18.0,2.0,11.0,0.0,0.0,0.0,23.0,0.0,0.0,0.0,0.0
50,51.0,Candisari,Kaliwiru,33.74.08.1003,3231.0,2.0,0.0,62.1,0.0,6.0,0.0,186.2,0.0,2.0,0.0,62.07,0.0,0.0,0.0,1.0,2.0,84.94,2.0,Sporadis,39.47,0.0,65.51,23.0,4.0,1495.0,1653.0,1075.0,4.0,2.0,0.0,0.0,0.0,0.0,0.0,0.0,251.0,0.0,0.0,0.0,3.0,25.0,6.0,27.0,0.0,0.0,0.0,14.0,2.0,0.0,1.0,4.0
51,52.0,Gunungpati,Kandri,33.74.12.1016,4719.0,0.0,0.0,0.0,0.0,3.0,0.0,62.6,0.0,0.0,0.0,0.0,0.0,0.0,0.0,1.0,0.0,96.24,2.0,Sporadis,62.96,69.43,176.05,26.0,4.0,2405.0,2422.0,1527.0,4.0,2.0,0.0,0.0,0.0,0.0,0.0,0.0,281.0,0.0,0.0,0.0,0.0,38.0,0.0,9.0,0.0,0.0,0.0,20.0,1.0,0.0,0.0,3.0
52,53.0,Semarang Tengah,Karang Kidul,33.74.01.1012,4162.0,1.0,0.0,24.1,0.0,5.0,0.0,120.4,0.0,1.0,0.0,24.07,0.0,0.0,0.0,1.0,1.0,96.18,2.0,Sporadis,77.29,0.0,83.54,28.0,4.0,2030.0,2168.0,1493.0,7.0,3.0,0.0,4.0,0.0,1.0,0.0,3.0,2983.0,1.0,11.0,261.0,8.0,26.0,22.0,35.0,0.0,0.0,0.0,27.0,1.0,0.0,4.0,6.0
53,54.0,Semarang Timur,Karang Tempel,33.74.03.1010,4078.0,0.0,0.0,0.0,0.0,8.0,0.0,198.1,0.0,0.0,0.0,0.0,0.0,1.0,0.0,1.0,0.0,91.54,2.0,Sporadis,84.7,0.0,91.8,40.0,5.0,1921.0,2021.0,1364.0,9.0,2.0,0.0,5.0,0.0,3.0,0.0,0.0,2604.0,1.0,339.0,13759.0,8.0,0.0,10.0,62.0,0.0,0.0,0.0,16.0,0.0,0.0,3.0,17.0
54,55.0,Semarang Timur,Karang Turi,33.74.03.1009,2937.0,0.0,0.0,0.0,0.0,3.0,0.0,102.5,0.0,0.0,0.0,0.0,0.0,0.0,0.0,0.0,0.0,89.69,3.0,Potensial,52.2,0.0,53.2,27.0,5.0,1412.0,1498.0,987.0,6.0,1.0,0.0,0.0,0.0,0.0,0.0,3.0,4467.0,0.0,0.0,0.0,11.0,0.0,8.0,7.0,1.0,0.0,0.0,13.0,0.0,2.0,0.0,26.0
55,56.0,TUGU,Karanganyar,33.74.16.1003,4061.0,0.0,0.0,0.0,0.0,1.0,0.0,24.4,0.0,0.0,0.0,0.0,0.0,0.0,1.0,1.0,0.0,95.32,2.0,Sporadis,42.26,16.83,349.21,25.0,3.0,2018.0,1988.0,1283.0,3.0,2.0,1.0,0.0,0.0,0.0,0.0,0.0,507.0,0.0,0.0,0.0,3.0,15.0,3.0,26.0,0.0,0.0,0.0,19.0,0.0,0.0,2.0,0.0
56,57.0,Candisari,Karanganyar Gunung,33.74.08.1005,11163.0,2.0,0.0,17.9,0.0,19.0,0.0,169.7,0.0,1.0,0.0,8.93,0.0,2.0,6.0,5.0,2.0,85.4,1.0,Endemis,36.05,0.0,49.92,50.0,6.0,5494.0,5537.0,3628.0,6.0,4.0,0.0,1.0,0.0,0.0,0.0,0.0,1639.0,0.0,0.0,0.0,4.0,120.0,2.0,24.0,0.0,0.0,0.0,27.0,2.0,1.0,0.0,3.0
57,58.0,Semarang Barat,Karangayu,33.74.13.1012,7799.0,0.0,0.0,0.0,0.0,6.0,0.0,77.3,0.0,0.0,0.0,0.0,0.0,1.0,0.0,2.0,0.0,94.05,2.0,Sporadis,53.6,0.0,66.1,44.0,6.0,3795.0,3913.0,2489.0,8.0,4.0,0.0,2.0,0.0,1.0,0.0,0.0,1154.0,0.0,0.0,0.0,6.0,80.0,8.0,24.0,2.0,0.0,0.0,31.0,1.0,1.0,5.0,6.0
58,59.0,Mijen,Karangmalang,33.74.14.1003,2613.0,0.0,0.0,0.0,0.0,5.0,0.0,189.8,0.0,0.0,0.0,0.0,0.0,0.0,0.0,1.0,0.0,94.64,2.0,Sporadis,37.39,92.08,103.77,12.0,3.0,1323.0,1347.0,896.0,2.0,1.0,0.0,0.0,0.0,0.0,0.0,0.0,208.0,0.0,0.0,0.0,0.0,13.0,0.0,12.0,0.0,0.0,0.0,31.0,0.0,0.0,1.0,0.0
59,60.0,Gajahmungkur,Karangrejo,33.74.09.1001,7233.0,0.0,0.0,0.0,0.0,11.0,0.0,151.8,0.0,1.0,0.0,13.8,0.0,1.0,1.0,3.0,0.0,96.48,2.0,Sporadis,154.55,0.0,172.31,6.0,35.0,3504.0,3628.0,2365.0,5.0,3.0,0.0,4.0,0.0,2.0,0.0,2.0,3641.0,0.0,0.0,0.0,4.0,27.0,7.0,41.0,0.0,0.0,0.0,25.0,0.0,0.0,1.0,3.0
60,61.0,Genuk,Karangroto,33.74.05.1003,13626.0,1.0,0.0,7.2,0.0,5.0,0.0,35.9,0.0,0.0,0.0,0.0,0.0,2.0,4.0,1.0,1.0,95.71,1.0,Endemis,60.2,0.0,205.5,117.0,13.0,6982.0,7033.0,4127.0,11.0,4.0,2.0,2.0,1.0,0.0,1.0,3.0,2078.0,0.0,0.0,0.0,4.0,22.0,3.0,19.0,0.0,0.0,0.0,35.0,0.0,0.0,1.0,1.0
61,62.0,Semarang Tengah,Kauman,33.74.01.1010,2528.0,1.0,0.0,39.8,0.0,3.0,0.0,119.5,0.0,0.0,0.0,0.0,0.0,0.0,0.0,0.0,1.0,96.54,2.0,Sporadis,25.57,0.0,28.63,17.0,5.0,1219.0,1329.0,911.0,3.0,2.0,0.0,1.0,0.0,0.0,0.0,0.0,214.0,0.0,0.0,0.0,0.0,99.0,2.0,5.0,0.0,0.0,0.0,8.0,0.0,5.0,0.0,10.0
62,63.0,Semarang Timur,Kebonagung,33.74.03.1004,4598.0,0.0,0.0,0.0,0.0,3.0,0.0,65.4,0.0,0.0,0.0,0.0,0.0,0.0,0.0,0.0,0.0,97.99,4.0,Bebas,50.3,0.0,54.3,27.0,4.0,2135.0,2392.0,1535.0,3.0,1.0,0.0,1.0,0.0,0.0,0.0,0.0,1022.0,0.0,0.0,0.0,1.0,0.0,11.0,12.0,0.0,0.0,0.0,20.0,0.0,3.0,0.0,64.0
63,64.0,Tembalang,Kedungmundu,33.74.10.1009,12076.0,4.0,0.0,32.8,0.0,28.0,0.0,229.5,0.0,3.0,0.0,24.59,0.0,7.0,0.0,10.0,4.0,95.2,2.0,Sporadis,93.45,6.0,143.2,74.0,9.0,6095.0,6214.0,3760.0,11.0,2.0,1.0,1.0,0.0,0.0,0.0,1.0,1119.0,2.0,310.0,9079.0,6.0,90.0,4.0,99.0,1.0,0.0,0.0,36.0,2.0,0.0,3.0,4.0
64,65.0,Mijen,Kedungpane,33.74.14.1010,7371.0,2.0,0.0,26.6,0.0,19.0,0.0,252.6,0.0,0.0,0.0,0.0,0.0,0.0,0.0,0.0,2.0,94.4,2.0,Sporadis,73.34,34.0,533.65,40.0,6.0,3847.0,3866.0,2402.0,9.0,5.0,0.0,1.0,0.0,1.0,0.0,1.0,3046.0,0.0,0.0,0.0,1.0,0.0,1.0,24.0,0.0,0.0,0.0,39.0,0.0,0.0,0.0,0.0
65,66.0,Semarang Barat,Kembangarum,33.74.13.1016,20161.0,5.0,0.0,24.8,0.0,23.0,0.0,114.3,0.0,1.0,0.0,4.97,0.0,2.0,1.0,3.0,5.0,94.9,1.0,Endemis,148.8,0.0,174.8,104.0,13.0,9900.0,9987.0,6275.0,11.0,4.0,0.0,2.0,0.0,2.0,0.0,2.0,1750.0,0.0,0.0,0.0,2.0,255.0,1.0,166.0,0.0,0.0,0.0,48.0,7.0,1.0,2.0,1.0
66,67.0,Semarang Tengah,Kembangsari,33.74.01.1006,3877.0,2.0,0.0,51.8,0.0,8.0,0.0,207.1,0.0,0.0,0.0,0.0,0.0,0.0,0.0,0.0,2.0,94.82,2.0,Sporadis,25.52,0.0,29.75,37.0,5.0,1951.0,2076.0,1395.0,2.0,3.0,0.0,0.0,0.0,0.0,0.0,0.0,328.0,0.0,0.0,0.0,3.0,5.0,34.0,35.0,0.0,0.0,0.0,12.0,0.0,1.0,0.0,2.0
67,68.0,Semarang Timur,Kemijen,33.74.03.1001,14176.0,1.0,0.0,7.1,0.0,28.0,0.0,198.1,0.0,0.0,0.0,0.0,0.0,2.0,0.0,1.0,1.0,87.37,2.0,Sporadis,129.6,0.0,140.9,82.0,11.0,6938.0,7094.0,4478.0,8.0,3.0,0.0,0.0,0.0,0.0,0.0,0.0,1204.0,0.0,0.0,0.0,1.0,0.0,4.0,50.0,0.0,0.0,0.0,38.0,1.0,3.0,1.0,2.0
68,69.0,Tembalang,Kramas,33.74.10.1005,3655.0,2.0,0.0,54.0,0.0,2.0,0.0,54.0,0.0,0.0,0.0,0.0,0.0,0.0,1.0,6.0,2.0,97.54,1.0,Endemis,60.0,14.0,78.45,31.0,6.0,1874.0,1872.0,1128.0,1.0,1.0,0.0,0.0,0.0,0.0,0.0,0.0,158.0,0.0,0.0,0.0,1.0,35.0,1.0,61.0,0.0,0.0,0.0,13.0,0.0,0.0,1.0,1.0
69,70.0,Semarang Tengah,Kranggan,33.74.01.1004,4195.0,0.0,0.0,0.0,0.0,4.0,0.0,95.4,0.0,1.0,0.0,23.85,0.0,1.0,0.0,1.0,0.0,95.74,2.0,Sporadis,20.75,0.0,25.25,30.0,5.0,2005.0,2251.0,1657.0,2.0,0.0,0.0,0.0,0.0,1.0,0.0,0.0,132.0,0.0,0.0,0.0,3.0,10.0,6.0,50.0,4.0,0.0,0.0,13.0,0.0,1.0,1.0,3.0
70,71.0,Semarang Barat,Krapyak,33.74.13.1003,6504.0,0.0,0.0,0.0,0.0,9.0,0.0,138.3,0.0,1.0,0.0,15.36,0.0,0.0,0.0,0.0,0.0,93.38,3.0,Potensial,103.57,2.0,109.14,48.0,9.0,3095.0,3260.0,2112.0,4.0,1.0,0.0,0.0,0.0,0.0,0.0,0.0,491.0,2.0,16.0,452.0,4.0,37.0,18.0,28.0,0.0,0.0,0.0,41.0,0.0,1.0,1.0,2.0
71,72.0,Semarang Barat,Krobokan,33.74.13.1013,15241.0,4.0,0.0,26.4,0.0,7.0,0.0,46.2,0.0,0.0,0.0,0.0,0.0,2.0,0.0,2.0,4.0,89.82,2.0,Sporadis,62.3,0.0,82.5,91.0,13.0,7351.0,7519.0,4714.0,8.0,3.0,0.0,1.0,0.0,0.0,0.0,0.0,1318.0,0.0,0.0,0.0,4.0,149.0,5.0,37.0,0.0,0.0,0.0,39.0,1.0,0.0,3.0,3.0
72,73.0,Genuk,Kudu,33.74.05.1002,8224.0,1.0,0.0,11.9,0.0,2.0,0.0,23.8,0.0,0.0,0.0,0.0,0.0,5.0,1.0,3.0,1.0,97.36,1.0,Endemis,136.5,0.0,211.93,49.0,7.0,4330.0,4242.0,2519.0,8.0,2.0,1.0,0.0,0.0,0.0,0.0,0.0,430.0,0.0,0.0,0.0,1.0,9.0,0.0,12.0,0.0,0.0,0.0,31.0,0.0,0.0,0.0,0.0
73,74.0,Semarang Utara,Kuningan,33.74.02.1005,14833.0,3.0,0.0,20.2,0.0,15.0,0.0,101.0,0.0,0.0,0.0,0.0,0.0,3.0,0.0,3.0,3.0,93.06,2.0,Sporadis,31.02,0.0,41.52,87.0,11.0,7604.0,7733.0,4888.0,8.0,5.0,1.0,1.0,0.0,0.0,0.0,0.0,1216.0,0.0,0.0,0.0,2.0,175.0,10.0,16.0,0.0,0.0,0.0,59.0,0.0,1.0,0.0,2.0
74,75.0,Semarang Selatan,Lamper Kidul,33.74.07.1009,4490.0,1.0,1.0,23.3,23.3,6.0,0.0,139.6,0.0,0.0,0.0,0.0,0.0,0.0,0.0,0.0,1.0,88.8,2.0,Sporadis,39.6,0.0,40.1,40.0,6.0,2023.0,2160.0,1457.0,5.0,4.0,0.0,1.0,0.0,0.0,0.0,0.0,1494.0,0.0,0.0,0.0,2.0,20.0,12.0,15.0,0.0,0.0,0.0,22.0,2.0,1.0,5.0,7.0
75,76.0,Semarang Selatan,Lamper Lor,33.74.07.1008,5853.0,0.0,0.0,0.0,0.0,14.0,0.0,239.4,0.0,0.0,0.0,0.0,0.0,1.0,0.0,0.0,0.0,90.02,3.0,Potensial,30.22,0.0,33.22,40.0,5.0,2797.0,2973.0,1929.0,7.0,1.0,0.0,0.0,0.0,0.0,0.0,0.0,188.0,0.0,0.0,0.0,5.0,25.0,1.0,51.0,0.0,0.0,0.0,31.0,0.0,0.0,2.0,0.0
76,77.0,Semarang Selatan,Lamper Tengah,33.74.07.1010,12142.0,0.0,0.0,0.0,0.0,17.0,0.0,140.3,0.0,1.0,0.0,8.25,0.0,2.0,0.0,8.0,0.0,94.82,2.0,Sporadis,55.0,0.0,70.0,53.0,8.0,5909.0,6083.0,3867.0,11.0,2.0,0.0,0.0,0.0,1.0,0.0,0.0,1892.0,0.0,0.0,0.0,4.0,75.0,5.0,85.0,0.0,0.0,0.0,36.0,0.0,0.0,1.0,4.0
77,78.0,Gajahmungkur,Lempongsari,33.74.09.1006,5707.0,0.0,0.0,0.0,0.0,3.0,0.0,52.7,0.0,1.0,0.0,17.56,0.0,0.0,0.0,1.0,0.0,93.81,2.0,Sporadis,82.49,0.0,88.63,8.0,38.0,2757.0,2843.0,1875.0,6.0,1.0,0.0,0.0,0.0,0.0,0.0,0.0,270.0,0.0,0.0,0.0,0.0,55.0,12.0,20.0,0.0,0.0,0.0,21.0,3.0,0.0,0.0,0.0
78,79.0,TUGU,Mangkang Kulon,33.74.16.1006,3709.0,1.0,0.0,26.7,0.0,0.0,0.0,0.0,0.0,0.0,0.0,0.0,0.0,0.0,0.0,0.0,1.0,96.5,2.0,Sporadis,65.37,90.54,255.35,21.0,6.0,1866.0,1896.0,1219.0,4.0,3.0,1.0,1.0,1.0,0.0,1.0,1.0,2513.0,0.0,0.0,0.0,2.0,33.0,0.0,10.0,0.0,0.0,0.0,23.0,0.0,0.0,1.0,1.0
79,80.0,TUGU,Mangkang Wetan,33.74.16.1005,6508.0,0.0,0.0,0.0,0.0,0.0,0.0,0.0,0.0,0.0,0.0,0.0,0.0,2.0,0.0,0.0,0.0,97.5,4.0,Bebas,10.51,76.8,180.25,41.0,7.0,3340.0,3123.0,2054.0,7.0,4.0,1.0,2.0,1.0,0.0,1.0,0.0,868.0,0.0,0.0,0.0,3.0,33.0,2.0,17.0,0.0,0.0,0.0,18.0,2.0,0.0,0.0,0.0
80,81.0,Tembalang,Mangunharjo (tbl),33.74.10.1003,10139.0,7.0,0.0,67.7,0.0,29.0,0.0,280.6,0.0,0.0,0.0,0.0,0.0,2.0,1.0,3.0,7.0,94.87,1.0,Endemis,185.13,6.0,297.72,84.0,10.0,5326.0,5290.0,3243.0,5.0,2.0,1.0,2.0,0.0,0.0,0.0,0.0,1570.0,0.0,0.0,0.0,3.0,52.0,0.0,10.0,0.0,0.0,0.0,34.0,0.0,0.0,1.0,4.0
81,82.0,TUGU,Mangunharjo (Tugu),33.74.16.1007,6349.0,0.0,0.0,0.0,0.0,2.0,0.0,31.2,0.0,0.0,0.0,0.0,0.0,0.0,0.0,1.0,0.0,95.65,2.0,Sporadis,63.54,69.79,563.02,29.0,5.0,3194.0,3178.0,2011.0,5.0,1.0,2.0,0.0,0.0,0.0,0.0,0.0,107.0,0.0,0.0,0.0,1.0,25.0,0.0,5.0,0.0,0.0,0.0,21.0,1.0,1.0,0.0,1.0
82,83.0,Gunungpati,Mangunsari,33.74.12.1002,5345.0,1.0,0.0,18.5,0.0,4.0,0.0,73.9,0.0,0.0,0.0,0.0,0.0,0.0,1.0,1.0,1.0,94.63,1.0,Endemis,66.65,58.0,99.62,26.0,5.0,2725.0,2710.0,1710.0,1.0,1.0,3.0,0.0,0.0,0.0,0.0,0.0,105.0,0.0,0.0,0.0,2.0,14.0,1.0,3.0,0.0,0.0,0.0,39.0,1.0,0.0,1.0,2.0
83,84.0,Semarang Barat,Manyaran,33.74.13.1002,17550.0,5.0,0.0,28.3,0.0,30.0,0.0,169.5,0.0,1.0,0.0,5.65,0.0,4.0,0.0,2.0,5.0,94.38,2.0,Sporadis,127.0,0.0,150.0,99.0,11.0,8728.0,8960.0,5370.0,9.0,4.0,0.0,2.0,0.0,1.0,0.0,1.0,2081.0,1.0,29.0,1981.0,5.0,225.0,0.0,124.0,0.0,0.0,0.0,55.0,3.0,0.0,1.0,5.0
84,85.0,Tembalang,Meteseh,33.74.10.1001,21018.0,15.0,0.0,70.1,0.0,51.0,0.0,238.5,0.0,1.0,0.0,4.68,0.0,12.0,3.0,15.0,15.0,98.4,1.0,Endemis,307.0,62.0,437.0,196.0,31.0,10926.0,10804.0,6404.0,33.0,3.0,2.0,1.0,2.0,0.0,2.0,0.0,1020.0,0.0,0.0,0.0,10.0,98.0,11.0,82.0,0.0,0.0,0.0,83.0,0.0,1.0,4.0,9.0
85,86.0,Mijen,Mijen,33.74.14.1008,7023.0,4.0,0.0,55.6,0.0,34.0,0.0,472.9,0.0,2.0,0.0,27.82,0.0,0.0,1.0,4.0,4.0,98.58,1.0,Endemis,46.34,31.5,436.39,43.0,7.0,3623.0,3601.0,2174.0,9.0,1.0,0.0,1.0,0.0,0.0,0.0,0.0,711.0,0.0,0.0,0.0,3.0,24.0,1.0,5.0,0.0,0.0,0.0,26.0,0.0,0.0,2.0,1.0
86,87.0,Semarang Tengah,Miroto,33.74.01.1001,4837.0,1.0,0.0,20.8,0.0,10.0,0.0,207.8,0.0,1.0,0.0,20.78,0.0,0.0,0.0,0.0,1.0,71.98,2.0,Sporadis,29.3,0.0,33.6,42.0,5.0,2362.0,2530.0,1692.0,4.0,2.0,0.0,1.0,0.0,0.0,0.0,0.0,553.0,2.0,255.0,9829.0,6.0,166.0,24.0,29.0,0.0,0.0,0.0,11.0,0.0,0.0,2.0,9.0
87,88.0,Semarang Timur,Mlatibaru,33.74.03.1003,6827.0,0.0,0.0,0.0,0.0,4.0,0.0,58.9,0.0,0.0,0.0,0.0,0.0,2.0,0.0,0.0,0.0,91.35,3.0,Potensial,54.46,0.0,58.16,64.0,9.0,3201.0,3422.0,2259.0,4.0,4.0,0.0,2.0,0.0,0.0,0.0,1.0,1688.0,0.0,0.0,0.0,3.0,0.0,6.0,30.0,0.0,0.0,0.0,18.0,0.0,0.0,0.0,2.0
88,89.0,Semarang Timur,Mlatiharjo,33.74.03.1005,5206.0,1.0,0.0,19.3,0.0,3.0,0.0,58.0,0.0,0.0,0.0,0.0,0.0,0.0,0.0,1.0,1.0,94.72,2.0,Sporadis,69.4,0.0,79.8,41.0,6.0,2503.0,2651.0,1732.0,5.0,3.0,0.0,1.0,1.0,0.0,0.0,1.0,680.0,1.0,16.0,73.0,1.0,0.0,0.0,13.0,0.0,0.0,0.0,25.0,1.0,1.0,2.0,7.0
89,90.0,Semarang Selatan,Mugassari,33.74.07.1004,7790.0,1.0,0.0,13.3,0.0,10.0,0.0,133.1,0.0,1.0,0.0,13.31,0.0,0.0,0.0,0.0,1.0,86.92,2.0,Sporadis,65.33,0.0,75.56,57.0,7.0,3569.0,3842.0,2512.0,11.0,3.0,0.0,2.0,0.0,1.0,0.0,3.0,8281.0,0.0,0.0,0.0,4.0,80.0,13.0,92.0,2.0,0.0,0.0,34.0,0.0,0.0,3.0,7.0
90,91.0,Pedurungan,Muktiharjo Kidul,33.74.06.1005,33349.0,1.0,0.0,3.0,0.0,26.0,0.0,77.6,0.0,0.0,0.0,0.0,0.0,3.0,2.0,1.0,1.0,97.7,1.0,Endemis,153.3,207.4,207.4,25.0,1.0,16533.0,16930.0,10296.0,25.0,6.0,0.0,2.0,0.0,0.0,0.0,0.0,1876.0,0.0,0.0,0.0,8.0,130.0,0.0,66.0,0.0,0.0,0.0,49.0,0.0,2.0,2.0,4.0
91,92.0,Genuk,Muktiharjo Lor,33.74.05.1009,4011.0,0.0,0.0,0.0,0.0,3.0,0.0,75.5,0.0,0.0,0.0,0.0,0.0,1.0,0.0,1.0,0.0,95.29,2.0,Sporadis,120.0,0.0,131.98,22.0,5.0,1978.0,1968.0,1184.0,6.0,1.0,0.0,0.0,0.0,0.0,0.0,0.0,403.0,0.0,0.0,0.0,2.0,53.0,0.0,22.0,1.0,0.0,0.0,22.0,1.0,1.0,1.0,0.0
92,93.0,Mijen,Ngadirgo,33.74.14.1011,6492.0,3.0,0.0,45.3,0.0,6.0,0.0,90.6,0.0,0.0,0.0,0.0,0.0,0.0,0.0,1.0,3.0,98.16,2.0,Sporadis,213.21,109.0,389.66,41.0,9.0,3361.0,3331.0,2148.0,4.0,3.0,1.0,1.0,1.0,1.0,0.0,0.0,1696.0,0.0,0.0,0.0,0.0,36.0,0.0,53.0,3.0,1.0,0.0,42.0,1.0,1.0,1.0,2.0
93,94.0,Ngaliyan,Ngaliyan,33.74.15.1007,13557.0,3.0,0.0,22.2,0.0,31.0,0.0,229.0,0.0,1.0,0.0,7.39,0.0,2.0,3.0,4.0,3.0,97.39,1.0,Endemis,57.76,2.51,255.05,88.0,12.0,6708.0,6760.0,4234.0,9.0,4.0,1.0,1.0,0.0,0.0,0.0,0.0,2792.0,0.0,0.0,0.0,6.0,130.0,2.0,70.0,1.0,0.0,0.0,49.0,0.0,1.0,3.0,4.0
94,95.0,Semarang Barat,Ngemplak Simongan,33.74.13.1001,13397.0,2.0,0.0,14.9,0.0,11.0,0.0,82.1,0.0,1.0,0.0,7.47,0.0,4.0,1.0,4.0,2.0,93.99,1.0,Endemis,67.4,0.0,84.38,64.0,8.0,6502.0,6774.0,4169.0,3.0,4.0,0.0,0.0,0.0,0.0,0.0,0.0,1132.0,1.0,13.0,31.0,4.0,233.0,3.0,143.0,0.0,0.0,0.0,41.0,2.0,1.0,5.0,3.0
95,96.0,Banyumanik,Ngesrep,33.74.11.1008,14475.0,0.0,0.0,0.0,0.0,30.0,0.0,207.5,0.0,5.0,0.0,34.59,0.0,1.0,1.0,7.0,0.0,94.98,2.0,Sporadis,222.1,0.0,235.88,83.0,11.0,7103.0,7254.0,4700.0,11.0,4.0,0.0,1.0,0.0,1.0,0.0,0.0,679.0,0.0,0.0,0.0,4.0,25.0,7.0,19.0,0.0,0.0,0.0,37.0,2.0,0.0,2.0,4.0
96,97.0,Gunungpati,Ngijo,33.74.12.1007,4057.0,1.0,0.0,24.1,0.0,7.0,0.0,169.0,0.0,0.0,0.0,0.0,0.0,0.0,0.0,0.0,1.0,94.24,2.0,Sporadis,97.58,134.74,170.95,22.0,3.0,2081.0,2074.0,1338.0,6.0,2.0,0.0,0.0,0.0,0.0,0.0,0.0,267.0,0.0,0.0,0.0,0.0,2.0,0.0,5.0,0.0,0.0,0.0,28.0,0.0,0.0,1.0,4.0
97,98.0,Gunungpati,Nongkosawit,33.74.12.1005,5153.0,1.0,0.0,19.2,0.0,1.0,0.0,19.2,0.0,0.0,0.0,0.0,0.0,0.0,1.0,1.0,1.0,92.31,1.0,Endemis,56.5,82.9,123.86,25.0,5.0,2588.0,2662.0,1676.0,4.0,2.0,1.0,2.0,0.0,2.0,0.0,0.0,994.0,0.0,0.0,0.0,0.0,2.0,0.0,6.0,0.0,0.0,0.0,36.0,0.0,0.0,0.0,0.0
98,99.0,Banyumanik,Padangsari,33.74.11.1010,12443.0,3.0,0.0,24.1,0.0,27.0,0.0,216.6,0.0,1.0,0.0,8.02,0.0,1.0,1.0,4.0,3.0,97.25,1.0,Endemis,158.5,0.0,185.0,98.0,17.0,6044.0,6434.0,4070.0,10.0,4.0,0.0,2.0,0.0,2.0,0.0,1.0,5227.0,0.0,0.0,0.0,6.0,65.0,3.0,41.0,0.0,0.0,0.0,45.0,3.0,1.0,4.0,8.0
99,100.0,Gunungpati,Pakintelan,33.74.12.1001,5552.0,1.0,0.0,17.7,0.0,5.0,0.0,88.7,0.0,0.0,0.0,0.0,0.0,0.0,0.0,1.0,1.0,94.53,2.0,Sporadis,48.0,74.05,192.22,26.0,6.0,2869.0,2807.0,1808.0,5.0,3.0,1.0,1.0,0.0,1.0,0.0,0.0,510.0,0.0,0.0,0.0,0.0,11.0,13.0,2.0,0.0,0.0,0.0,37.0,1.0,0.0,1.0,0.0
100,101.0,Pedurungan,Palebon,33.74.06.1011,15124.0,1.0,0.0,6.6,0.0,30.0,0.0,197.6,0.0,3.0,0.0,19.76,0.0,1.0,5.0,6.0,1.0,95.71,1.0,Endemis,95.05,146.5,146.5,11.0,1.0,7390.0,7633.0,4796.0,13.0,3.0,0.0,4.0,0.0,1.0,0.0,1.0,3936.0,2.0,196.0,6770.0,8.0,108.0,4.0,72.0,0.0,0.0,0.0,70.0,0.0,1.0,2.0,4.0
101,102.0,Semarang Tengah,Pandansari,33.74.01.1008,2564.0,0.0,0.0,0.0,0.0,4.0,0.0,156.6,0.0,0.0,0.0,0.0,0.0,0.0,0.0,0.0,0.0,95.8,4.0,Bebas,43.35,0.0,46.6,24.0,3.0,1275.0,1300.0,921.0,4.0,1.0,0.0,0.0,0.0,0.0,0.0,1.0,348.0,1.0,248.0,9602.0,1.0,99.0,9.0,17.0,1.0,0.0,0.0,14.0,2.0,0.0,2.0,1.0
102,103.0,Gayamsari,Pandean Lamper,33.74.04.1006,15351.0,6.0,0.0,39.2,0.0,39.0,0.0,255.1,0.0,3.0,0.0,19.62,0.0,2.0,1.0,3.0,6.0,97.82,1.0,Endemis,84.25,0.0,93.2,105.0,12.0,7413.0,7622.0,4889.0,11.0,5.0,1.0,0.0,0.0,0.0,0.0,1.0,1575.0,0.0,0.0,0.0,9.0,66.0,6.0,52.0,0.0,0.0,0.0,49.0,4.0,3.0,5.0,7.0
103,104.0,Semarang Utara,Panggung Kidul,33.74.02.1007,6459.0,0.0,0.0,0.0,0.0,4.0,0.0,61.7,0.0,0.0,0.0,0.0,0.0,0.0,0.0,1.0,0.0,97.07,2.0,Sporadis,32.35,0.0,33.93,29.0,4.0,3284.0,3320.0,2149.0,10.0,2.0,0.0,2.0,0.0,1.0,0.0,1.0,2012.0,0.0,0.0,0.0,2.0,21.0,8.0,27.0,0.0,0.0,0.0,33.0,1.0,1.0,0.0,1.0
104,105.0,Semarang Utara,Panggung Lor,33.74.02.1006,13661.0,0.0,0.0,0.0,0.0,18.0,0.0,131.4,0.0,3.0,0.0,21.9,0.0,4.0,0.0,1.0,0.0,97.84,2.0,Sporadis,78.5,0.0,140.0,124.0,14.0,6854.0,7420.0,5011.0,6.0,3.0,0.0,1.0,0.0,1.0,0.0,0.0,2010.0,0.0,0.0,0.0,6.0,105.0,22.0,55.0,1.0,0.0,0.0,20.0,0.0,1.0,1.0,4.0
105,106.0,Gunungpati,Patemon,33.74.12.1008,5333.0,1.0,0.0,18.3,0.0,7.0,0.0,128.4,0.0,0.0,0.0,0.0,0.0,3.0,0.0,1.0,1.0,96.49,2.0,Sporadis,126.7,284.69,211.59,27.0,7.0,2763.0,2693.0,1667.0,6.0,3.0,0.0,0.0,1.0,0.0,1.0,1.0,646.0,0.0,0.0,0.0,4.0,52.0,2.0,4.0,0.0,0.0,0.0,42.0,1.0,0.0,1.0,4.0
106,107.0,Banyumanik,Pedalangan,33.74.11.1004,11560.0,2.0,0.0,17.2,0.0,38.0,0.0,326.8,0.0,1.0,0.0,8.6,0.0,3.0,4.0,3.0,2.0,93.75,1.0,Endemis,215.95,6.5,233.5,68.0,11.0,5778.0,5885.0,3689.0,13.0,6.0,0.0,2.0,0.0,2.0,0.0,0.0,2653.0,0.0,739.0,17960.0,13.0,54.0,14.0,234.0,0.0,0.0,1.0,41.0,1.0,0.0,3.0,3.0
107,108.0,Pedurungan,Pedurungan Kidul,33.74.06.1008,14513.0,8.0,0.0,54.9,0.0,41.0,0.0,281.5,0.0,1.0,0.0,6.86,0.0,3.0,1.0,3.0,8.0,91.44,1.0,Endemis,150.0,177.0,183.0,12.0,1.0,7197.0,7250.0,4531.0,10.0,6.0,1.0,0.0,1.0,0.0,1.0,1.0,1780.0,0.0,0.0,0.0,7.0,65.0,0.0,24.0,0.0,0.0,0.0,50.0,0.0,1.0,0.0,4.0
108,109.0,Pedurungan,Pedurungan Lor,33.74.06.1009,9375.0,3.0,0.0,31.7,0.0,16.0,0.0,168.9,0.0,4.0,0.0,42.23,0.0,2.0,0.0,3.0,3.0,96.26,2.0,Sporadis,89.0,123.6,135.6,9.0,1.0,4702.0,4736.0,2866.0,11.0,3.0,1.0,1.0,0.0,1.0,0.0,0.0,1230.0,0.0,0.0,0.0,4.0,27.0,1.0,19.0,0.0,0.0,0.0,53.0,1.0,1.0,1.0,4.0
109,110.0,Pedurungan,Pedurungan Tengah,33.74.06.1010,15463.0,1.0,0.0,6.4,0.0,34.0,0.0,218.1,0.0,3.0,0.0,19.24,0.0,5.0,0.0,7.0,1.0,94.49,2.0,Sporadis,132.2,189.0,189.0,14.0,1.0,7731.0,8032.0,4886.0,13.0,4.0,1.0,0.0,1.0,0.0,0.0,1.0,1524.0,1.0,14.0,442.0,7.0,11.0,1.0,13.0,0.0,0.0,0.0,38.0,1.0,1.0,2.0,6.0
110,111.0,Semarang Tengah,Pekunden,33.74.01.1013,3589.0,0.0,0.0,0.0,0.0,4.0,0.0,111.9,0.0,0.0,0.0,0.0,0.0,0.0,0.0,0.0,0.0,95.68,4.0,Bebas,68.84,0.0,79.99,33.0,5.0,1727.0,1939.0,1333.0,5.0,4.0,0.0,2.0,0.0,2.0,0.0,1.0,2368.0,0.0,0.0,0.0,2.0,20.0,15.0,60.0,0.0,0.0,0.0,18.0,0.0,1.0,2.0,3.0
111,112.0,Semarang Tengah,Pendrikan Kidul,33.74.01.1014,2659.0,0.0,0.0,0.0,0.0,2.0,0.0,76.1,0.0,0.0,0.0,0.0,0.0,1.0,0.0,0.0,0.0,97.51,4.0,Bebas,26.23,0.0,30.33,34.0,5.0,1239.0,1408.0,943.0,3.0,1.0,1.0,2.0,0.0,0.0,0.0,3.0,2517.0,1.0,357.0,14805.0,1.0,42.0,3.0,58.0,1.0,0.0,0.0,16.0,1.0,0.0,3.0,1.0
112,113.0,Semarang Tengah,Pendrikan Lor,33.74.01.1015,5574.0,2.0,0.0,36.1,0.0,5.0,0.0,90.2,0.0,0.0,0.0,0.0,0.0,0.0,0.0,2.0,2.0,95.92,2.0,Sporadis,30.69,0.0,36.79,43.0,6.0,2757.0,2978.0,1968.0,2.0,4.0,0.0,2.0,0.0,0.0,0.0,1.0,2092.0,0.0,0.0,0.0,7.0,28.0,1.0,31.0,0.0,0.0,0.0,20.0,1.0,0.0,1.0,3.0
113,114.0,Pedurungan,Penggaron Kidul,33.74.06.1001,7103.0,2.0,0.0,27.8,0.0,12.0,0.0,166.6,0.0,0.0,0.0,0.0,0.0,3.0,2.0,0.0,2.0,96.76,2.0,Sporadis,52.32,149.99,252.63,6.0,1.0,3635.0,3567.0,2195.0,9.0,2.0,1.0,1.0,1.0,0.0,1.0,0.0,1170.0,0.0,0.0,0.0,3.0,64.0,3.0,25.0,0.0,0.0,0.0,36.0,3.0,0.0,1.0,0.0
114,115.0,Genuk,Penggaron Lor,33.74.05.1008,5873.0,0.0,0.0,0.0,0.0,2.0,0.0,33.5,0.0,0.0,0.0,0.0,0.0,0.0,0.0,0.0,0.0,92.78,3.0,Potensial,35.35,0.0,134.74,33.0,5.0,3021.0,2981.0,1786.0,6.0,0.0,2.0,0.0,2.0,0.0,1.0,0.0,629.0,0.0,0.0,0.0,0.0,36.0,0.0,4.0,0.0,0.0,0.0,24.0,0.0,0.0,0.0,0.0
115,116.0,Mijen,Pesantren,33.74.14.1014,1799.0,0.0,0.0,0.0,0.0,2.0,0.0,105.7,0.0,1.0,0.0,52.85,0.0,1.0,0.0,0.0,0.0,97.02,4.0,Bebas,10.22,31.25,494.47,26.0,6.0,1027.0,1012.0,639.0,4.0,1.0,0.0,0.0,0.0,0.0,0.0,0.0,175.0,0.0,0.0,0.0,2.0,12.0,5.0,5.0,0.0,0.0,0.0,11.0,1.0,0.0,0.0,2.0
116,117.0,Semarang Selatan,Peterongan,33.74.07.1007,6487.0,0.0,0.0,0.0,0.0,3.0,0.0,46.8,0.0,0.0,0.0,0.0,0.0,2.0,0.0,3.0,0.0,91.97,2.0,Sporadis,44.1,0.0,50.1,50.0,8.0,3042.0,3289.0,2200.0,11.0,4.0,0.0,3.0,0.0,1.0,0.0,1.0,5622.0,1.0,10.0,305.0,2.0,45.0,19.0,19.0,0.0,0.0,0.0,26.0,0.0,2.0,6.0,9.0
117,118.0,Gajahmungkur,Petompon,33.74.09.1007,6353.0,0.0,0.0,0.0,0.0,11.0,0.0,174.6,0.0,1.0,0.0,15.87,0.0,1.0,1.0,0.0,0.0,94.62,2.0,Sporadis,46.46,0.0,48.06,5.0,39.0,3028.0,3181.0,2089.0,5.0,4.0,0.0,0.0,0.0,0.0,0.0,0.0,1265.0,0.0,0.0,0.0,4.0,33.0,19.0,30.0,1.0,0.0,0.0,29.0,3.0,0.0,4.0,4.0
118,119.0,Gunungpati,Plalangan,33.74.12.1003,4107.0,0.0,0.0,0.0,0.0,1.0,0.0,24.2,0.0,0.0,0.0,0.0,0.0,0.0,0.0,0.0,0.0,94.95,3.0,Potensial,41.7,105.52,138.83,20.0,6.0,2035.0,2065.0,1321.0,9.0,4.0,1.0,2.0,0.0,2.0,1.0,0.0,2417.0,0.0,0.0,0.0,2.0,48.0,0.0,-1.0,0.0,1.0,0.0,30.0,1.0,0.0,0.0,1.0
119,120.0,Pedurungan,Plamongansari,33.74.06.1006,14322.0,5.0,0.0,34.8,0.0,38.0,0.0,264.3,0.0,1.0,0.0,6.96,0.0,2.0,0.0,5.0,5.0,94.52,2.0,Sporadis,222.0,228.5,238.5,16.0,1.0,7115.0,7215.0,4377.0,16.0,3.0,1.0,0.0,1.0,0.0,1.0,0.0,545.0,1.0,65.0,1341.0,6.0,20.0,2.0,79.0,0.0,0.0,0.0,69.0,0.0,1.0,1.0,7.0
120,121.0,Semarang Selatan,Pleburan,33.74.07.1005,4988.0,0.0,0.0,0.0,0.0,4.0,0.0,84.6,0.0,0.0,0.0,0.0,0.0,1.0,0.0,1.0,0.0,94.56,2.0,Sporadis,51.11,0.0,74.11,49.0,6.0,2195.0,2357.0,1598.0,4.0,5.0,0.0,0.0,0.0,0.0,0.0,1.0,1567.0,0.0,0.0,0.0,4.0,55.0,23.0,51.0,0.0,0.0,0.0,24.0,0.0,0.0,1.0,10.0
121,122.0,Semarang Utara,Plombokan,33.74.02.1003,8424.0,1.0,0.0,11.8,0.0,7.0,0.0,82.9,0.0,2.0,0.0,23.7,0.0,0.0,0.0,2.0,1.0,73.36,2.0,Sporadis,54.5,0.0,60.0,47.0,5.0,4445.0,4498.0,3015.0,8.0,0.0,0.0,0.0,0.0,0.0,0.0,1.0,355.0,0.0,0.0,0.0,1.0,99.0,20.0,25.0,0.0,0.0,0.0,28.0,0.0,0.0,0.0,3.0
122,123.0,Ngaliyan,Podorejo,33.74.15.1002,8987.0,0.0,0.0,0.0,0.0,5.0,0.0,54.3,0.0,0.0,0.0,0.0,0.0,0.0,0.0,0.0,0.0,96.53,4.0,Bebas,17.44,79.2,892.85,60.0,12.0,4656.0,4720.0,2935.0,7.0,3.0,1.0,1.0,0.0,0.0,0.0,1.0,914.0,0.0,0.0,0.0,0.0,90.0,0.0,14.0,0.0,0.0,0.0,32.0,0.0,0.0,0.0,0.0
123,124.0,Mijen,Polaman,33.74.14.1004,1920.0,2.0,0.0,102.8,0.0,22.0,0.0,1130.5,0.0,1.0,0.0,9.3,0.0,0.0,0.0,1.0,2.0,95.2,2.0,Sporadis,30.88,88.51,72.57,9.0,3.0,1008.0,945.0,653.0,4.0,1.0,1.0,0.0,2.0,0.0,2.0,1.0,1240.0,0.0,0.0,0.0,2.0,9.0,1.0,4.0,0.0,0.0,0.0,20.0,1.0,0.0,0.0,0.0
124,125.0,Gunungpati,Pongangan,33.74.12.1006,5606.0,0.0,0.0,0.0,0.0,1.0,0.0,17.7,0.0,0.0,0.0,0.0,0.0,0.0,0.0,1.0,0.0,96.19,2.0,Sporadis,46.32,87.78,203.78,28.0,5.0,2882.0,2835.0,1798.0,5.0,2.0,2.0,0.0,0.0,0.0,0.0,0.0,306.0,0.0,0.0,0.0,0.0,5.0,0.0,10.0,0.0,0.0,0.0,25.0,0.0,0.0,0.0,0.0
125,126.0,Banyumanik,Pudak Payung,33.74.11.1001,22569.0,6.0,0.0,26.3,0.0,57.0,0.0,250.2,0.0,1.0,0.0,4.39,0.0,4.0,4.0,5.0,6.0,94.47,1.0,Endemis,316.3,0.5,392.43,140.0,16.0,11524.0,11543.0,7015.0,16.0,4.0,0.0,2.0,0.0,1.0,0.0,0.0,2020.0,0.0,0.0,0.0,8.0,95.0,3.0,18.0,0.0,0.0,0.0,78.0,8.0,0.0,4.0,7.0
126,127.0,Semarang Tengah,Purwodinatan,33.74.01.1011,4502.0,0.0,0.0,0.0,0.0,3.0,0.0,66.8,0.0,0.0,0.0,0.0,0.0,2.0,0.0,0.0,0.0,95.98,4.0,Bebas,45.15,0.0,49.24,34.0,6.0,2253.0,2313.0,1539.0,3.0,2.0,0.0,2.0,0.0,0.0,0.0,0.0,960.0,0.0,0.0,0.0,0.0,155.0,3.0,3.0,0.0,0.0,0.0,23.0,1.0,0.0,0.0,1.0
127,128.0,Mijen,Purwosari (Mijen),33.74.14.1005,4901.0,2.0,0.0,40.3,0.0,5.0,0.0,100.8,0.0,0.0,0.0,0.0,0.0,0.0,0.0,0.0,2.0,93.48,2.0,Sporadis,38.68,468.95,238.23,20.0,5.0,2495.0,2508.0,1694.0,5.0,2.0,0.0,0.0,1.0,0.0,0.0,0.0,352.0,0.0,0.0,0.0,1.0,13.0,0.0,10.0,0.0,0.0,0.0,37.0,0.0,0.0,0.0,0.0
128,129.0,Semarang Utara,Purwosari (Smg. Ut),33.74.02.1004,8597.0,1.0,0.0,11.6,0.0,1.0,0.0,11.6,0.0,0.0,0.0,0.0,0.0,1.0,1.0,1.0,1.0,96.82,1.0,Endemis,42.02,0.0,48.02,49.0,6.0,4329.0,4569.0,3016.0,7.0,3.0,0.0,0.0,0.0,0.0,0.0,0.0,724.0,0.0,0.0,0.0,4.0,38.0,9.0,57.0,0.0,0.0,0.0,21.0,0.0,2.0,2.0,3.0
129,130.0,Ngaliyan,Purwoyoso,33.74.15.1004,16702.0,5.0,0.0,30.9,0.0,42.0,0.0,259.8,0.0,1.0,0.0,6.18,0.0,5.0,0.0,10.0,5.0,93.66,2.0,Sporadis,33.77,0.0,100.25,94.0,14.0,7936.0,8023.0,5106.0,16.0,8.0,2.0,2.0,0.0,0.0,0.0,0.0,3081.0,0.0,0.0,0.0,10.0,99.0,1.0,68.0,3.0,0.0,0.0,97.0,0.0,2.0,4.0,5.0
130,131.0,TUGU,Randugarut,33.74.16.1004,2253.0,0.0,0.0,0.0,0.0,1.0,0.0,44.4,0.0,0.0,0.0,0.0,0.0,1.0,0.0,1.0,0.0,96.89,2.0,Sporadis,111.71,5.36,465.09,12.0,3.0,1137.0,1120.0,686.0,4.0,1.0,1.0,0.0,0.0,0.0,0.0,0.0,96.0,0.0,0.0,0.0,8.0,15.0,5.0,60.0,0.0,0.0,0.0,9.0,0.0,0.0,0.0,1.0
131,132.0,Semarang Selatan,Randusari,33.74.07.1001,7673.0,2.0,0.0,26.2,0.0,6.0,0.0,78.5,0.0,0.0,0.0,0.0,0.0,1.0,0.0,4.0,2.0,87.04,2.0,Sporadis,30.22,0.0,66.22,52.0,7.0,3737.0,3841.0,2481.0,6.0,4.0,0.0,2.0,0.0,0.0,0.0,1.0,2367.0,0.0,0.0,0.0,3.0,30.0,5.0,45.0,0.0,0.0,0.0,16.0,0.0,1.0,4.0,6.0
132,133.0,Semarang Timur,Rejomulyo,33.74.03.1002,4014.0,0.0,0.0,0.0,0.0,1.0,0.0,25.1,0.0,1.0,0.0,25.12,0.0,0.0,1.0,0.0,0.0,90.86,2.0,Sporadis,55.4,0.0,58.4,43.0,7.0,1921.0,1963.0,1355.0,3.0,0.0,1.0,0.0,0.0,0.0,0.0,0.0,363.0,1.0,35.0,110.0,0.0,0.0,0.0,2.0,0.0,0.0,0.0,20.0,0.0,1.0,3.0,4.0
133,134.0,Semarang Timur,Rejosari,33.74.03.1008,15552.0,2.0,0.0,13.0,0.0,24.0,0.0,155.7,0.0,2.0,0.0,12.97,0.0,5.0,0.0,0.0,2.0,86.08,2.0,Sporadis,84.3,0.0,99.2,131.0,15.0,7374.0,7752.0,4950.0,12.0,3.0,1.0,1.0,0.0,0.0,0.0,1.0,1913.0,0.0,0.0,0.0,3.0,0.0,10.0,15.0,0.0,0.0,0.0,50.0,1.0,2.0,2.0,17.0
134,135.0,Tembalang,Rowosari,33.74.10.1002,12153.0,6.0,0.0,48.8,0.0,27.0,0.0,219.8,0.0,0.0,0.0,0.0,0.0,1.0,0.0,12.0,6.0,91.2,2.0,Sporadis,300.0,275.0,595.0,55.0,9.0,6236.0,6145.0,3771.0,8.0,2.0,4.0,0.0,2.0,0.0,1.0,0.0,417.0,0.0,0.0,0.0,0.0,35.0,0.0,4.0,0.0,0.0,0.0,66.0,0.0,0.0,0.0,0.0
135,136.0,Gunungpati,Sadeng,33.74.12.1011,7538.0,3.0,0.0,39.3,0.0,11.0,0.0,144.2,0.0,1.0,0.0,13.11,0.0,0.0,0.0,2.0,3.0,92.93,2.0,Sporadis,100.0,8.06,168.0,55.0,7.0,3772.0,3862.0,2446.0,4.0,4.0,0.0,0.0,1.0,0.0,1.0,0.0,458.0,1.0,15.0,307.0,4.0,4.0,0.0,14.0,0.0,0.0,0.0,33.0,0.0,0.0,1.0,3.0
136,137.0,Semarang Barat,Salaman Mloyo,33.74.13.1010,3592.0,0.0,0.0,0.0,0.0,7.0,0.0,197.1,0.0,0.0,0.0,0.0,0.0,0.0,0.0,1.0,0.0,93.09,2.0,Sporadis,43.8,0.0,53.7,33.0,6.0,1691.0,1846.0,1210.0,5.0,2.0,0.0,1.0,0.0,0.0,0.0,0.0,1081.0,2.0,16.0,270.0,6.0,49.0,0.0,105.0,0.0,0.0,0.0,19.0,5.0,0.0,0.0,4.0
137,138.0,Gayamsari,Sambirejo,33.74.04.1004,8247.0,3.0,0.0,37.1,0.0,18.0,0.0,222.5,0.0,0.0,0.0,0.0,0.0,0.0,1.0,1.0,3.0,93.71,1.0,Endemis,87.48,17.0,99.88,52.0,9.0,4110.0,4091.0,2506.0,3.0,3.0,0.0,1.0,0.0,0.0,0.0,0.0,916.0,0.0,0.0,0.0,3.0,20.0,2.0,30.0,0.0,0.0,0.0,23.0,0.0,1.0,2.0,3.0
138,139.0,Tembalang,Sambiroto,33.74.10.1012,15054.0,3.0,0.0,19.8,0.0,43.0,0.0,284.0,0.0,3.0,0.0,19.81,0.0,6.0,0.0,8.0,3.0,93.44,2.0,Sporadis,162.32,0.0,318.15,103.0,11.0,7516.0,7751.0,4636.0,14.0,4.0,1.0,2.0,0.0,1.0,0.0,0.0,2760.0,2.0,91.0,1626.0,8.0,94.0,12.0,109.0,0.0,0.0,0.0,48.0,2.0,0.0,3.0,14.0
139,140.0,Gajahmungkur,Sampangan,33.74.09.1004,10706.0,2.0,0.0,18.6,0.0,22.0,0.0,204.6,0.0,1.0,0.0,9.3,0.0,2.0,1.0,1.0,2.0,95.01,1.0,Endemis,90.93,0.0,96.81,7.0,57.0,5191.0,5432.0,3336.0,13.0,4.0,0.0,2.0,0.0,2.0,0.0,1.0,3010.0,2.0,237.0,13068.0,7.0,172.0,10.0,115.0,1.0,0.0,0.0,34.0,6.0,0.0,3.0,5.0
140,141.0,Semarang Timur,Sarirejo,33.74.03.1007,8257.0,1.0,0.0,12.1,0.0,12.0,0.0,145.7,0.0,0.0,0.0,0.0,0.0,1.0,1.0,2.0,1.0,90.75,1.0,Endemis,57.4,0.0,66.8,50.0,8.0,3925.0,4205.0,2816.0,7.0,6.0,0.0,0.0,0.0,0.0,0.0,0.0,2985.0,0.0,0.0,0.0,2.0,0.0,3.0,16.0,0.0,0.0,0.0,24.0,1.0,0.0,0.0,15.0
141,142.0,Gayamsari,Sawah Besar,33.74.04.1003,9068.0,0.0,0.0,0.0,0.0,6.0,0.0,66.1,0.0,0.0,0.0,0.0,0.0,2.0,0.0,0.0,0.0,98.43,4.0,Bebas,31.5,3.0,44.67,52.0,9.0,4551.0,4530.0,2831.0,7.0,3.0,0.0,2.0,0.0,0.0,0.0,0.0,1875.0,0.0,0.0,0.0,3.0,25.0,0.0,13.0,0.0,0.0,0.0,30.0,0.0,0.0,0.0,3.0
142,143.0,Gunungpati,Sekaran,33.74.12.1009,8694.0,2.0,0.0,22.8,0.0,15.0,0.0,171.0,0.0,0.0,0.0,0.0,0.0,0.0,0.0,5.0,2.0,87.73,2.0,Sporadis,108.6,5.0,108.6,32.0,7.0,4446.0,4360.0,2748.0,7.0,2.0,2.0,0.0,0.0,0.0,0.0,0.0,546.0,2.0,1148.0,37091.0,8.0,50.0,0.0,12.0,0.0,0.0,0.0,52.0,0.0,1.0,2.0,4.0
143,144.0,Semarang Tengah,Sekayu,33.74.01.1007,3273.0,2.0,0.0,61.1,0.0,3.0,0.0,91.7,0.0,0.0,0.0,0.0,0.0,0.0,0.0,0.0,2.0,95.57,2.0,Sporadis,43.13,0.0,58.88,20.0,3.0,1596.0,1733.0,1157.0,5.0,3.0,0.0,2.0,0.0,3.0,0.0,0.0,2464.0,0.0,0.0,0.0,3.0,10.0,12.0,78.0,1.0,0.0,0.0,14.0,2.0,0.0,3.0,8.0
144,145.0,Genuk,Sembungharjo,33.74.05.1001,12861.0,0.0,0.0,0.0,0.0,12.0,0.0,91.6,0.0,1.0,0.0,7.63,0.0,4.0,0.0,7.0,0.0,97.53,2.0,Sporadis,117.4,0.0,208.9,71.0,10.0,6719.0,6584.0,3923.0,11.0,2.0,1.0,1.0,0.0,0.0,0.0,0.0,1259.0,0.0,0.0,0.0,1.0,45.0,1.0,21.0,0.0,0.0,0.0,36.0,0.0,0.0,1.0,3.0
145,146.0,Tembalang,Sendang Guwo,33.74.10.1010,22188.0,3.0,0.0,13.4,0.0,49.0,0.0,219.3,0.0,0.0,0.0,0.0,0.0,4.0,0.0,22.0,3.0,93.58,2.0,Sporadis,211.72,0.0,328.72,119.0,10.0,11252.0,11271.0,6957.0,15.0,2.0,2.0,0.0,0.0,0.0,0.0,0.0,810.0,0.0,0.0,0.0,5.0,89.0,1.0,68.0,0.0,0.0,0.0,59.0,2.0,1.0,0.0,10.0
146,147.0,Tembalang,Sendang Mulyo,33.74.10.1011,37160.0,14.0,0.0,37.3,0.0,100.0,0.0,266.7,0.0,8.0,0.0,21.33,0.0,11.0,2.0,26.0,14.0,93.79,1.0,Endemis,285.04,12.0,449.0,292.0,32.0,18711.0,19130.0,11224.0,29.0,7.0,0.0,4.0,1.0,0.0,0.0,1.0,5142.0,0.0,0.0,0.0,16.0,204.0,4.0,116.0,3.0,0.0,0.0,90.0,0.0,2.0,2.0,35.0
147,148.0,Gayamsari,Siwalan,33.74.04.1005,8110.0,2.0,0.0,23.9,0.0,4.0,0.0,47.8,0.0,0.0,0.0,0.0,0.0,0.0,0.0,3.0,2.0,88.08,2.0,Sporadis,24.5,0.0,33.42,38.0,4.0,4181.0,4244.0,2668.0,3.0,1.0,0.0,0.0,0.0,1.0,0.0,1.0,1451.0,1.0,22.0,529.0,6.0,56.0,2.0,37.0,1.0,0.0,0.0,22.0,1.0,0.0,0.0,4.0
148,149.0,Banyumanik,Srondol Kulon,33.74.11.1006,13324.0,1.0,0.0,7.5,0.0,27.0,0.0,202.4,0.0,2.0,0.0,14.99,0.0,0.0,1.0,2.0,1.0,90.96,1.0,Endemis,226.54,5.11,283.13,64.0,11.0,6627.0,6640.0,4314.0,12.0,3.0,0.0,1.0,0.0,0.0,0.0,0.0,1180.0,0.0,0.0,0.0,3.0,42.0,7.0,61.0,0.0,0.0,0.0,47.0,3.0,1.0,4.0,6.0
149,150.0,Banyumanik,Srondol Wetan,33.74.11.1007,21113.0,4.0,0.0,19.0,0.0,34.0,0.0,161.2,0.0,1.0,0.0,4.74,0.0,3.0,2.0,5.0,4.0,90.17,1.0,Endemis,174.58,0.5,225.98,130.0,18.0,10229.0,10817.0,6839.0,21.0,8.0,0.0,5.0,0.0,2.0,0.0,3.0,7551.0,0.0,0.0,0.0,18.0,125.0,25.0,132.0,5.0,1.0,0.0,89.0,5.0,1.0,5.0,17.0
150,151.0,Gunungpati,Sukorejo,33.74.12.1010,14234.0,7.0,0.0,48.5,0.0,53.0,0.0,367.0,0.0,1.0,0.0,6.92,0.0,5.0,3.0,8.0,7.0,94.35,1.0,Endemis,15.0,0.0,15.0,83.0,12.0,7211.0,7188.0,4378.0,13.0,5.0,2.0,2.0,0.0,1.0,0.0,2.0,903.0,0.0,0.0,0.0,1.0,13.0,3.0,13.0,0.0,1.0,0.0,72.0,0.0,0.0,0.0,1.0
151,152.0,Banyumanik,Sumurboto,33.74.11.1011,9442.0,2.0,0.0,21.1,0.0,19.0,0.0,200.8,0.0,2.0,0.0,21.13,0.0,2.0,1.0,3.0,2.0,95.93,1.0,Endemis,152.5,0.0,185.0,46.0,5.0,4646.0,4795.0,2992.0,9.0,4.0,0.0,1.0,0.0,0.0,0.0,0.0,2232.0,0.0,0.0,0.0,8.0,48.0,20.0,92.0,1.0,0.0,0.0,40.0,3.0,0.0,3.0,7.0
152,153.0,Gunungpati,Sumurrejo,33.74.12.1014,6555.0,1.0,0.0,15.1,0.0,9.0,0.0,135.7,0.0,0.0,0.0,0.0,0.0,0.0,0.0,0.0,1.0,97.59,2.0,Sporadis,94.54,152.58,153.56,30.0,6.0,3298.0,3357.0,2133.0,5.0,3.0,1.0,1.0,1.0,0.0,0.0,0.0,908.0,0.0,0.0,0.0,3.0,29.0,16.0,1.0,0.0,0.0,0.0,41.0,0.0,0.0,0.0,1.0
153,154.0,Ngaliyan,Tambakaji,33.74.15.1008,20964.0,6.0,0.0,28.7,0.0,19.0,0.0,90.9,0.0,0.0,0.0,0.0,0.0,1.0,0.0,8.0,6.0,95.75,2.0,Sporadis,70.3,0.0,197.75,119.0,16.0,10362.0,10502.0,6532.0,17.0,6.0,1.0,0.0,0.0,1.0,0.0,0.0,2649.0,2.0,515.0,17735.0,4.0,197.0,3.0,80.0,3.0,0.0,0.0,94.0,0.0,0.0,4.0,12.0
154,155.0,Semarang Barat,Tambakharjo,33.74.13.1004,3292.0,0.0,0.0,0.0,0.0,5.0,0.0,150.6,0.0,0.0,0.0,0.0,0.0,0.0,0.0,1.0,0.0,95.28,2.0,Sporadis,39.9,2.0,164.86,23.0,7.0,1600.0,1697.0,1034.0,3.0,2.0,0.0,1.0,0.0,0.0,0.0,0.0,1042.0,0.0,0.0,0.0,2.0,75.0,1.0,1.0,0.0,0.0,0.0,14.0,0.0,0.0,0.0,2.0
155,156.0,Gayamsari,Tambakrejo,33.74.04.1001,10161.0,0.0,0.0,0.0,0.0,8.0,0.0,79.0,0.0,0.0,0.0,0.0,0.0,0.0,1.0,1.0,0.0,91.61,2.0,Sporadis,54.16,0.0,74.58,54.0,9.0,4931.0,5096.0,3184.0,10.0,5.0,0.0,1.0,0.0,1.0,0.0,0.0,1282.0,0.0,0.0,0.0,3.0,20.0,14.0,14.0,0.0,0.0,0.0,28.0,1.0,0.0,0.0,0.0
156,157.0,Mijen,Tambangan,33.74.14.1006,4997.0,4.0,0.0,78.2,0.0,10.0,0.0,195.6,0.0,0.0,0.0,0.0,0.0,0.0,0.0,1.0,4.0,94.68,2.0,Sporadis,72.18,86.86,272.75,14.0,4.0,2539.0,2542.0,1636.0,5.0,3.0,0.0,0.0,0.0,0.0,0.0,0.0,870.0,0.0,0.0,0.0,3.0,61.0,1.0,32.0,0.0,0.0,0.0,25.0,0.0,1.0,1.0,0.0
157,158.0,Tembalang,Tandang,33.74.10.1008,24670.0,9.0,1.0,36.4,4.0,46.0,0.0,185.9,0.0,0.0,0.0,0.0,0.0,10.0,1.0,14.0,9.0,76.62,1.0,Endemis,331.17,0.0,374.7,128.0,14.0,12320.0,12402.0,7658.0,18.0,7.0,1.0,0.0,0.0,0.0,0.0,0.0,1826.0,0.0,0.0,0.0,3.0,79.0,5.0,37.0,0.0,0.0,0.0,70.0,2.0,0.0,1.0,1.0
158,159.0,Semarang Utara,Tanjungmas,33.74.02.1008,29561.0,3.0,0.0,10.1,0.0,22.0,0.0,74.4,0.0,0.0,0.0,0.0,0.0,5.0,1.0,6.0,3.0,87.64,1.0,Endemis,273.78,0.0,323.78,129.0,16.0,15120.0,15027.0,9641.0,12.0,6.0,1.0,1.0,0.0,0.0,0.0,0.0,1571.0,1.0,7.0,109.0,3.0,58.0,13.0,148.0,0.0,0.0,0.0,104.0,0.0,2.0,1.0,4.0
159,160.0,Semarang Barat,Tawang Mas,33.74.13.1015,7551.0,0.0,0.0,0.0,0.0,11.0,0.0,145.2,0.0,3.0,0.0,39.59,0.0,0.0,0.0,0.0,0.0,89.8,3.0,Potensial,127.27,0.0,199.57,50.0,10.0,3672.0,3850.0,2352.0,9.0,4.0,1.0,2.0,1.0,2.0,0.0,0.0,2012.0,1.0,50.0,982.0,4.0,55.0,1.0,21.0,0.0,0.0,0.0,26.0,1.0,1.0,0.0,13.0
160,161.0,Semarang Barat,Tawang Sari,33.74.13.1014,6966.0,0.0,0.0,0.0,0.0,16.0,0.0,228.7,0.0,0.0,0.0,0.0,0.0,1.0,1.0,0.0,0.0,98.06,2.0,Sporadis,131.21,2.0,206.21,47.0,10.0,3348.0,3558.0,2226.0,4.0,3.0,0.0,2.0,0.0,2.0,0.0,1.0,3147.0,1.0,13.0,106.0,3.0,25.0,9.0,20.0,1.0,0.0,0.0,24.0,0.0,0.0,1.0,6.0
161,162.0,Candisari,Tegalsari,33.74.08.1006,13890.0,3.0,0.0,21.6,0.0,21.0,0.0,151.5,0.0,1.0,0.0,7.22,0.0,2.0,0.0,11.0,3.0,92.41,2.0,Sporadis,66.22,0.0,77.19,95.0,13.0,6633.0,6989.0,4457.0,8.0,3.0,0.0,0.0,0.0,0.0,0.0,0.0,485.0,0.0,0.0,0.0,1.0,45.0,3.0,50.0,1.0,0.0,0.0,62.0,1.0,0.0,3.0,1.0
162,163.0,Tembalang,Tembalang,33.74.10.1006,5659.0,1.0,0.0,17.5,0.0,16.0,0.0,280.0,0.0,1.0,0.0,17.5,0.0,4.0,2.0,0.0,1.0,97.45,2.0,Sporadis,185.28,3.6,264.63,38.0,8.0,2858.0,2829.0,1780.0,8.0,1.0,0.0,0.0,0.0,0.0,0.0,0.0,405.0,2.0,2193.0,61810.0,10.0,26.0,5.0,99.0,0.0,0.0,0.0,16.0,0.0,0.0,2.0,4.0
163,164.0,Genuk,Terboyo Kulon,33.74.05.1012,584.0,0.0,0.0,0.0,0.0,0.0,0.0,0.0,0.0,0.0,0.0,0.0,0.0,1.0,0.0,0.0,0.0,96.57,4.0,Bebas,65.0,0.0,235.59,6.0,2.0,278.0,299.0,184.0,1.0,0.0,0.0,1.0,0.0,1.0,0.0,0.0,589.0,1.0,564.0,17580.0,1.0,6.0,0.0,24.0,0.0,0.0,0.0,14.0,1.0,1.0,1.0,2.0
164,165.0,Genuk,Terboyo Wetan,33.74.05.1013,1439.0,0.0,0.0,0.0,0.0,0.0,0.0,0.0,0.0,0.0,0.0,0.0,0.0,0.0,0.0,0.0,0.0,93.15,3.0,Potensial,40.2,0.0,285.4,8.0,2.0,738.0,690.0,442.0,1.0,1.0,0.0,1.0,0.0,0.0,0.0,0.0,153.0,0.0,0.0,0.0,1.0,5.0,0.0,3.0,0.0,0.0,0.0,6.0,0.0,0.0,0.0,0.0
165,166.0,Banyumanik,Tinjomoyo,33.74.11.1009,9660.0,1.0,0.0,10.3,0.0,7.0,0.0,72.1,0.0,2.0,0.0,20.6,0.0,1.0,0.0,2.0,1.0,95.7,2.0,Sporadis,74.22,0.0,202.48,46.0,8.0,4895.0,4845.0,3170.0,8.0,4.0,0.0,2.0,0.0,1.0,0.0,1.0,833.0,0.0,0.0,0.0,4.0,32.0,5.0,84.0,1.0,0.0,0.0,34.0,2.0,1.0,1.0,1.0
166,167.0,Pedurungan,Tlogomulyo,33.74.06.1002,15350.0,2.0,0.0,12.9,0.0,15.0,0.0,96.6,0.0,2.0,0.0,12.87,0.0,2.0,2.0,7.0,2.0,98.5,1.0,Endemis,148.9,193.9,193.9,11.0,1.0,7883.0,7836.0,4658.0,13.0,2.0,1.0,1.0,0.0,0.0,0.0,0.0,1546.0,0.0,0.0,0.0,5.0,18.0,1.0,22.0,1.0,0.0,0.0,50.0,0.0,0.0,0.0,2.0
167,168.0,Pedurungan,Tlogosari Kulon,33.74.06.1004,32786.0,4.0,0.0,12.2,0.0,42.0,0.0,127.9,0.0,5.0,0.0,15.23,0.0,7.0,4.0,3.0,4.0,97.15,1.0,Endemis,217.9,278.5,278.5,28.0,1.0,16170.0,16563.0,10416.0,29.0,8.0,2.0,1.0,1.0,0.0,1.0,2.0,3388.0,2.0,2084.0,24022.0,7.0,167.0,11.0,219.0,4.0,0.0,0.0,166.0,4.0,3.0,10.0,25.0
168,169.0,Pedurungan,Tlogosari Wetan,33.74.06.1003,8656.0,0.0,0.0,0.0,0.0,10.0,0.0,113.9,0.0,2.0,0.0,22.78,0.0,3.0,0.0,5.0,0.0,93.61,2.0,Sporadis,89.0,125.5,125.5,4.0,1.0,4479.0,4457.0,2644.0,9.0,3.0,1.0,0.0,1.0,0.0,1.0,0.0,1112.0,0.0,0.0,0.0,3.0,53.0,14.0,47.0,1.0,0.0,0.0,36.0,1.0,0.0,2.0,1.0
169,170.0,Genuk,Trimulyo,33.74.05.1007,3537.0,0.0,0.0,0.0,0.0,0.0,0.0,0.0,0.0,1.0,0.0,28.24,0.0,0.0,0.0,0.0,0.0,93.49,3.0,Potensial,83.7,30.0,318.53,20.0,4.0,1750.0,1778.0,1074.0,1.0,2.0,0.0,0.0,0.0,0.0,0.0,0.0,305.0,0.0,0.0,0.0,2.0,10.0,1.0,25.0,0.0,0.0,0.0,13.0,2.0,0.0,2.0,1.0
170,171.0,TUGU,Tugurejo,33.74.16.1002,7564.0,1.0,0.0,13.1,0.0,11.0,0.0,144.4,0.0,0.0,0.0,0.0,0.0,2.0,0.0,0.0,1.0,91.39,2.0,Sporadis,129.92,118.79,744.01,36.0,5.0,3770.0,3780.0,2396.0,6.0,3.0,1.0,1.0,0.0,0.0,0.0,0.0,899.0,0.0,0.0,0.0,4.0,36.0,4.0,36.0,1.0,0.0,0.0,33.0,0.0,0.0,0.0,0.0
171,172.0,Ngaliyan,Wates,33.74.15.1010,5171.0,1.0,0.0,18.9,0.0,9.0,0.0,169.8,0.0,0.0,0.0,0.0,0.0,0.0,0.0,0.0,1.0,97.08,2.0,Sporadis,38.28,220.0,193.31,36.0,4.0,2663.0,2758.0,1711.0,1.0,2.0,1.0,0.0,1.0,0.0,1.0,0.0,612.0,0.0,0.0,0.0,0.0,70.0,0.0,26.0,0.0,0.0,0.0,15.0,1.0,0.0,2.0,4.0
172,173.0,Semarang Selatan,Wonodri,33.74.07.1006,10413.0,1.0,0.0,9.9,0.0,11.0,0.0,109.0,0.0,2.0,0.0,19.82,0.0,2.0,1.0,4.0,1.0,92.31,1.0,Endemis,76.77,0.0,81.1,81.0,13.0,4927.0,5060.0,3358.0,6.0,1.0,0.0,2.0,0.0,2.0,0.0,1.0,2638.0,3.0,107.0,2381.0,8.0,80.0,19.0,31.0,0.0,0.0,0.0,20.0,1.0,1.0,3.0,14.0
173,174.0,Mijen,Wonolopo,33.74.14.1007,9444.0,4.0,0.0,41.3,0.0,27.0,0.0,278.6,0.0,0.0,0.0,0.0,0.0,0.0,0.0,4.0,4.0,96.75,2.0,Sporadis,100.0,9.0,1002.91,27.0,4.0,1897.0,1947.0,1249.0,8.0,2.0,0.0,1.0,0.0,0.0,0.0,0.0,3364.0,0.0,0.0,0.0,0.0,5.0,0.0,12.0,0.0,0.0,0.0,49.0,0.0,0.0,0.0,0.0
174,175.0,Mijen,Wonoplumbon,33.74.14.1012,3688.0,0.0,0.0,0.0,0.0,6.0,0.0,159.3,0.0,0.0,0.0,0.0,0.0,0.0,0.0,0.0,0.0,96.75,4.0,Bebas,100.0,87.36,1372.17,52.0,10.0,4937.0,4927.0,2998.0,3.0,3.0,1.0,3.0,3.0,2.0,2.0,1.0,665.0,0.0,0.0,0.0,4.0,50.0,0.0,50.0,0.0,0.0,0.0,18.0,0.0,0.0,0.0,2.0
175,176.0,Ngaliyan,Wonosari,33.74.15.1009,23137.0,3.0,0.0,12.9,0.0,12.0,0.0,51.4,0.0,1.0,0.0,4.29,0.0,1.0,1.0,4.0,3.0,95.36,1.0,Endemis,58.19,47.0,108.03,130.0,16.0,11768.0,11765.0,7218.0,18.0,4.0,1.0,1.0,1.0,0.0,1.0,1.0,1234.0,1.0,17.0,694.0,8.0,135.0,2.0,23.0,0.0,0.0,0.0,53.0,1.0,1.0,2.0,6.0
176,177.0,Candisari,Wonotingal,33.74.08.1007,8280.0,0.0,0.0,0.0,0.0,14.0,0.0,169.4,0.0,0.0,0.0,0.0,0.0,3.0,0.0,4.0,0.0,85.81,2.0,Sporadis,59.63,0.0,63.27,47.0,6.0,3967.0,4166.0,2712.0,3.0,3.0,0.0,1.0,0.0,0.0,0.0,0.0,1801.0,1.0,21.0,392.0,3.0,52.0,8.0,38.0,0.0,0.0,0.0,29.0,1.0,1.0,2.0,1.0
